"gene","outlier"
"Mcavernosa06192",0
"Mcavernosa06214",0
"Mcavernosa06217",0
"Mcavernosa06219",0
"Mcavernosa06235",0
"Mcavernosa06255",0
"Mcavernosa06285",0
"Mcavernosa06349",0
"Mcavernosa06350",0
"Mcavernosa06351",0
"Mcavernosa06350",0
"Mcavernosa06351",0
"Mcavernosa06356",0
"Mcavernosa06361",0
"Mcavernosa06368",0
"Mcavernosa06368",0
"Mcavernosa06369",0
"Mcavernosa06369",0
"Mcavernosa06369",0
"Mcavernosa06369",0
"Mcavernosa06369",0
"Mcavernosa06388",0
"Mcavernosa06388",0
"Mcavernosa06388",0
"Mcavernosa06389",0
"Mcavernosa06389",0
"Mcavernosa06395",0
"Mcavernosa06395",0
"Mcavernosa06415",0
"Mcavernosa06433",0
"Mcavernosa06451",0
"Mcavernosa06451",0
"Mcavernosa06451",0
"Mcavernosa06454",0
"Mcavernosa06471",0
"Mcavernosa06481",0
"Mcavernosa06481",0
"Mcavernosa06501",0
"Mcavernosa06502",0
"Mcavernosa06502",0
"Mcavernosa06502",0
"Mcavernosa06503",0
"Mcavernosa06503",0
"Mcavernosa06503",0
"Mcavernosa06503",0
"Mcavernosa06504",0
"Mcavernosa06504",0
"Mcavernosa06508",0
"Mcavernosa06508",0
"Mcavernosa06511",0
"Mcavernosa06520",0
"Mcavernosa06553",0
"Mcavernosa06582",0
"Mcavernosa06582",0
"Mcavernosa06610",0
"Mcavernosa06610",0
"Mcavernosa06612",0
"Mcavernosa06612",0
"Mcavernosa06612",0
"Mcavernosa06646",0
"Mcavernosa06647",0
"Mcavernosa06646",0
"Mcavernosa06647",0
"Mcavernosa06650",0
"Mcavernosa06652",0
"Mcavernosa06652",0
"Mcavernosa06686",1
"Mcavernosa06689",0
"Mcavernosa06689",0
"Mcavernosa06691",0
"Mcavernosa06707",0
"Mcavernosa06707",0
"Mcavernosa06708",0
"Mcavernosa06707",0
"Mcavernosa06724",0
"Mcavernosa06760",0
"Mcavernosa06761",0
"Mcavernosa06761",0
"Mcavernosa06761",0
"Mcavernosa06763",0
"Mcavernosa06769",0
"Mcavernosa06771",0
"Mcavernosa06771",0
"Mcavernosa06771",1
"Mcavernosa06807",0
"Mcavernosa06807",0
"Mcavernosa06817",0
"Mcavernosa06864",0
"Mcavernosa06869",0
"Mcavernosa06871",0
"Mcavernosa06914",0
"Mcavernosa06917",0
"Mcavernosa06926",0
"Mcavernosa06933",0
"Mcavernosa06950",0
"Mcavernosa06958",0
"Mcavernosa06959",0
"Mcavernosa06958",0
"Mcavernosa06959",0
"Mcavernosa06959",0
"Mcavernosa06973",0
"Mcavernosa06973",0
"Mcavernosa06973",0
"Mcavernosa06976",0
"Mcavernosa07021",0
"Mcavernosa07044",0
"Mcavernosa07049",0
"Mcavernosa07051",0
"Mcavernosa07049",0
"Mcavernosa07051",0
"Mcavernosa07055",0
"Mcavernosa07056",0
"Mcavernosa07058",0
"Mcavernosa07058",0
"Mcavernosa07072",0
"Mcavernosa07101",0
"Mcavernosa07111",0
"Mcavernosa07112",0
"Mcavernosa07112",0
"Mcavernosa07146",0
"Mcavernosa07146",0
"Mcavernosa07176",0
"Mcavernosa07176",0
"Mcavernosa07181",0
"Mcavernosa07182",0
"Mcavernosa07183",0
"Mcavernosa07183",0
"Mcavernosa07195",0
"Mcavernosa07195",0
"Mcavernosa00007",0
"Mcavernosa00007",0
"Mcavernosa00025",0
"Mcavernosa00031",0
"Mcavernosa00032",0
"Mcavernosa00032",0
"Mcavernosa00033",0
"Mcavernosa00033",0
"Mcavernosa00043",0
"Mcavernosa00072",1
"Mcavernosa00079",0
"Mcavernosa00079",0
"Mcavernosa00109",0
"Mcavernosa00115",0
"Mcavernosa00115",0
"Mcavernosa00118",0
"Mcavernosa00118",1
"Mcavernosa00135",1
"Mcavernosa00134",1
"Mcavernosa00144",0
"Mcavernosa00160",0
"Mcavernosa00160",0
"Mcavernosa00184",0
"Mcavernosa00184",0
"Mcavernosa00184",0
"Mcavernosa00192",0
"Mcavernosa00192",0
"Mcavernosa00195",0
"Mcavernosa00231",0
"Mcavernosa00245",0
"Mcavernosa00270",0
"Mcavernosa00270",0
"Mcavernosa00270",0
"Mcavernosa00270",0
"Mcavernosa00273",0
"Mcavernosa00277",0
"Mcavernosa00314",0
"Mcavernosa00314",0
"Mcavernosa00318",0
"Mcavernosa00317",0
"Mcavernosa00321",0
"Mcavernosa00329",0
"Mcavernosa00335",0
"Mcavernosa00334",0
"Mcavernosa00347",0
"Mcavernosa00350",0
"Mcavernosa00358",0
"Mcavernosa00387",0
"Mcavernosa00389",0
"Mcavernosa00391",0
"Mcavernosa00420",0
"Mcavernosa00420",0
"Mcavernosa00421",0
"Mcavernosa00449",0
"Mcavernosa00453",0
"Mcavernosa00478",0
"Mcavernosa00479",0
"Mcavernosa00478",0
"Mcavernosa00479",0
"Mcavernosa00496",0
"Mcavernosa00512",0
"Mcavernosa00512",0
"Mcavernosa00513",0
"Mcavernosa00513",0
"Mcavernosa00514",0
"Mcavernosa00514",0
"Mcavernosa00526",0
"Mcavernosa00526",0
"Mcavernosa00529",0
"Mcavernosa00529",0
"Mcavernosa00540",0
"Mcavernosa00540",0
"Mcavernosa00542",0
"Mcavernosa00550",0
"Mcavernosa00550",0
"Mcavernosa00590",0
"Mcavernosa00646",0
"Mcavernosa00646",0
"Mcavernosa00646",0
"Mcavernosa00646",0
"Mcavernosa00681",0
"Mcavernosa00695",0
"Mcavernosa00785",0
"Mcavernosa00810",0
"Mcavernosa00836",0
"Mcavernosa00858",0
"Mcavernosa00861",0
"Mcavernosa00876",0
"Mcavernosa00889",0
"Mcavernosa00889",0
"Mcavernosa00935",0
"Mcavernosa00959",1
"Mcavernosa00959",0
"Mcavernosa00970",0
"Mcavernosa00982",0
"Mcavernosa00988",0
"Mcavernosa00988",0
"Mcavernosa01006",0
"Mcavernosa01022",0
"Mcavernosa01022",1
"Mcavernosa01042",0
"Mcavernosa01058",0
"Mcavernosa01061",0
"Mcavernosa01081",0
"Mcavernosa01096",0
"Mcavernosa01097",0
"Mcavernosa01126",0
"Mcavernosa01126",0
"Mcavernosa01126",0
"Mcavernosa01127",0
"Mcavernosa01142",0
"Mcavernosa01249",0
"Mcavernosa01250",0
"Mcavernosa01272",0
"Mcavernosa01302",0
"Mcavernosa01313",0
"Mcavernosa01314",0
"Mcavernosa01329",0
"Mcavernosa01330",0
"Mcavernosa01336",0
"Mcavernosa01336",0
"Mcavernosa01336",0
"Mcavernosa01336",0
"Mcavernosa01356",0
"Mcavernosa01383",0
"Mcavernosa01384",0
"Mcavernosa01394",0
"Mcavernosa01394",0
"Mcavernosa01398",0
"Mcavernosa01398",0
"Mcavernosa01398",0
"Mcavernosa01398",0
"Mcavernosa01409",0
"Mcavernosa01409",0
"Mcavernosa01411",0
"Mcavernosa01412",0
"Mcavernosa01412",0
"Mcavernosa01431",0
"Mcavernosa01432",0
"Mcavernosa01431",0
"Mcavernosa01432",0
"Mcavernosa01431",0
"Mcavernosa01451",0
"Mcavernosa01484",0
"Mcavernosa01499",0
"Mcavernosa01499",0
"Mcavernosa01499",0
"Mcavernosa01502",0
"Mcavernosa01502",0
"Mcavernosa01502",1
"Mcavernosa01526",0
"Mcavernosa01526",0
"Mcavernosa01526",0
"Mcavernosa01700",0
"Mcavernosa01700",0
"Mcavernosa01700",0
"Mcavernosa01700",0
"Mcavernosa01736",0
"Mcavernosa01737",0
"Mcavernosa01737",0
"Mcavernosa01737",1
"Mcavernosa01737",0
"Mcavernosa01750",1
"Mcavernosa01750",0
"Mcavernosa01758",0
"Mcavernosa01757",0
"Mcavernosa01761",0
"Mcavernosa01761",0
"Mcavernosa01763",0
"Mcavernosa01767",0
"Mcavernosa01777",0
"Mcavernosa01785",0
"Mcavernosa01785",0
"Mcavernosa01794",0
"Mcavernosa01804",0
"Mcavernosa01819",0
"Mcavernosa01853",0
"Mcavernosa01887",0
"Mcavernosa01891",0
"Mcavernosa01893",0
"Mcavernosa01893",0
"Mcavernosa01893",0
"Mcavernosa01893",0
"Mcavernosa01915",0
"Mcavernosa01947",0
"Mcavernosa01947",0
"Mcavernosa01947",0
"Mcavernosa01954",0
"Mcavernosa01954",0
"Mcavernosa01954",0
"Mcavernosa01954",0
"Mcavernosa01986",0
"Mcavernosa01987",0
"Mcavernosa01999",0
"Mcavernosa02006",0
"Mcavernosa02011",0
"Mcavernosa02028",0
"Mcavernosa02028",0
"Mcavernosa02028",0
"Mcavernosa02052",0
"Mcavernosa02068",0
"Mcavernosa02083",0
"Mcavernosa02083",0
"Mcavernosa02109",0
"Mcavernosa02129",0
"Mcavernosa02133",0
"Mcavernosa02133",0
"Mcavernosa02133",0
"Mcavernosa02144",0
"Mcavernosa02144",0
"Mcavernosa02164",0
"Mcavernosa02165",0
"Mcavernosa02164",0
"Mcavernosa02165",0
"Mcavernosa03259",0
"Mcavernosa03259",0
"Mcavernosa03283",0
"Mcavernosa03288",0
"Mcavernosa03292",0
"Mcavernosa03292",0
"Mcavernosa03296",0
"Mcavernosa03298",0
"Mcavernosa03298",0
"Mcavernosa03336",0
"Mcavernosa03334",0
"Mcavernosa03353",0
"Mcavernosa03356",0
"Mcavernosa03356",0
"Mcavernosa03361",1
"Mcavernosa03363",0
"Mcavernosa03363",0
"Mcavernosa03375",1
"Mcavernosa03377",1
"Mcavernosa03375",0
"Mcavernosa03377",0
"Mcavernosa03375",0
"Mcavernosa03377",0
"Mcavernosa03446",0
"Mcavernosa03463",0
"Mcavernosa03463",0
"Mcavernosa03463",0
"Mcavernosa03468",0
"Mcavernosa03467",0
"Mcavernosa03478",0
"Mcavernosa03482",0
"Mcavernosa03492",0
"Mcavernosa03495",0
"Mcavernosa03502",0
"Mcavernosa03554",0
"Mcavernosa03555",0
"Mcavernosa03563",0
"Mcavernosa03563",0
"Mcavernosa03563",0
"Mcavernosa03563",0
"Mcavernosa03566",0
"Mcavernosa03566",0
"Mcavernosa03569",0
"Mcavernosa03599",0
"Mcavernosa03611",0
"Mcavernosa03673",0
"Mcavernosa03672",0
"Mcavernosa03677",0
"Mcavernosa03681",1
"Mcavernosa03709",0
"Mcavernosa03711",0
"Mcavernosa03716",0
"Mcavernosa03716",0
"Mcavernosa03719",0
"Mcavernosa03719",0
"Mcavernosa03719",0
"Mcavernosa03722",0
"Mcavernosa03734",0
"Mcavernosa03739",0
"Mcavernosa03756",0
"Mcavernosa03758",0
"Mcavernosa03758",0
"Mcavernosa03762",0
"Mcavernosa03762",0
"Mcavernosa03762",0
"Mcavernosa03762",0
"Mcavernosa03776",0
"Mcavernosa03776",0
"Mcavernosa03795",0
"Mcavernosa03819",0
"Mcavernosa03819",0
"Mcavernosa03821",1
"Mcavernosa03821",0
"Mcavernosa03823",0
"Mcavernosa03854",0
"Mcavernosa03890",0
"Mcavernosa03925",0
"Mcavernosa03926",0
"Mcavernosa03941",0
"Mcavernosa03943",0
"Mcavernosa03961",0
"Mcavernosa03971",0
"Mcavernosa03971",0
"Mcavernosa03971",0
"Mcavernosa03971",0
"Mcavernosa03973",0
"Mcavernosa03973",0
"Mcavernosa03975",0
"Mcavernosa03975",0
"Mcavernosa03980",0
"Mcavernosa03980",0
"Mcavernosa04016",0
"Mcavernosa04023",0
"Mcavernosa04023",0
"Mcavernosa04023",0
"Mcavernosa04023",0
"Mcavernosa04023",0
"Mcavernosa04027",0
"Mcavernosa04042",0
"Mcavernosa04041",0
"Mcavernosa04093",0
"Mcavernosa04093",0
"Mcavernosa04093",0
"Mcavernosa04117",0
"Mcavernosa04117",0
"Mcavernosa04131",0
"Mcavernosa04131",0
"Mcavernosa04131",0
"Mcavernosa04131",0
"Mcavernosa04133",0
"Mcavernosa04131",0
"Mcavernosa04134",0
"Mcavernosa04135",0
"Mcavernosa04135",0
"Mcavernosa04144",0
"Mcavernosa04144",0
"Mcavernosa04160",0
"Mcavernosa04171",0
"Mcavernosa04185",0
"Mcavernosa04185",0
"Mcavernosa04188",0
"Mcavernosa04210",0
"Mcavernosa04212",0
"Mcavernosa04218",0
"Mcavernosa04219",0
"Mcavernosa04219",0
"Mcavernosa04219",0
"Mcavernosa04227",0
"Mcavernosa04227",0
"Mcavernosa04229",0
"Mcavernosa07234",0
"Mcavernosa07240",0
"Mcavernosa07240",0
"Mcavernosa07240",0
"Mcavernosa07244",0
"Mcavernosa07247",0
"Mcavernosa07247",0
"Mcavernosa07247",1
"Mcavernosa07280",0
"Mcavernosa07308",0
"Mcavernosa07407",0
"Mcavernosa07487",0
"Mcavernosa07487",0
"Mcavernosa07503",0
"Mcavernosa07503",0
"Mcavernosa07627",0
"Mcavernosa07627",0
"Mcavernosa07638",0
"Mcavernosa07638",0
"Mcavernosa07650",0
"Mcavernosa07651",0
"Mcavernosa07650",0
"Mcavernosa07651",0
"Mcavernosa07663",0
"Mcavernosa07671",0
"Mcavernosa07672",0
"Mcavernosa07677",0
"Mcavernosa07686",0
"Mcavernosa07687",0
"Mcavernosa07687",0
"Mcavernosa07714",0
"Mcavernosa07722",0
"Mcavernosa07722",0
"Mcavernosa07722",0
"Mcavernosa07741",0
"Mcavernosa07741",0
"Mcavernosa07750",0
"Mcavernosa07767",0
"Mcavernosa07767",0
"Mcavernosa07776",0
"Mcavernosa07792",0
"Mcavernosa07796",0
"Mcavernosa07796",0
"Mcavernosa07797",0
"Mcavernosa07797",0
"Mcavernosa07817",0
"Mcavernosa07817",0
"Mcavernosa07822",0
"Mcavernosa07823",0
"Mcavernosa07823",0
"Mcavernosa07823",0
"Mcavernosa07823",0
"Mcavernosa07882",1
"Mcavernosa07882",1
"Mcavernosa07882",0
"Mcavernosa07936",0
"Mcavernosa07936",0
"Mcavernosa08009",0
"Mcavernosa08011",0
"Mcavernosa08010",0
"Mcavernosa08022",0
"Mcavernosa08043",0
"Mcavernosa08043",0
"Mcavernosa08043",0
"Mcavernosa08055",0
"Mcavernosa08065",0
"Mcavernosa08071",0
"Mcavernosa08073",0
"Mcavernosa08073",0
"Mcavernosa08082",0
"Mcavernosa08082",0
"Mcavernosa08094",0
"Mcavernosa08100",0
"Mcavernosa08109",0
"Mcavernosa08183",0
"Mcavernosa08182",0
"Mcavernosa08214",0
"Mcavernosa08217",0
"Mcavernosa08217",0
"Mcavernosa08221",0
"Mcavernosa08221",0
"Mcavernosa08221",0
"Mcavernosa08224",0
"Mcavernosa08224",0
"Mcavernosa08225",0
"Mcavernosa08237",0
"Mcavernosa08237",0
"Mcavernosa08241",0
"Mcavernosa24379",0
"Mcavernosa24441",0
"Mcavernosa24451",0
"Mcavernosa24459",0
"Mcavernosa24458",0
"Mcavernosa24460",0
"Mcavernosa24460",0
"Mcavernosa24467",0
"Mcavernosa24488",0
"Mcavernosa24494",0
"Mcavernosa24496",0
"Mcavernosa24496",0
"Mcavernosa24499",0
"Mcavernosa24499",0
"Mcavernosa24500",0
"Mcavernosa24515",1
"Mcavernosa24515",1
"Mcavernosa24520",0
"Mcavernosa24526",0
"Mcavernosa24573",0
"Mcavernosa24573",0
"Mcavernosa24577",0
"Mcavernosa24577",0
"Mcavernosa24579",1
"Mcavernosa24597",0
"Mcavernosa24610",0
"Mcavernosa24672",0
"Mcavernosa24678",0
"Mcavernosa24682",0
"Mcavernosa24683",0
"Mcavernosa24682",1
"Mcavernosa24683",1
"Mcavernosa24688",0
"Mcavernosa24690",0
"Mcavernosa24690",0
"Mcavernosa24699",0
"Mcavernosa24700",0
"Mcavernosa24701",0
"Mcavernosa24701",0
"Mcavernosa24701",0
"Mcavernosa24701",0
"Mcavernosa24701",0
"Mcavernosa24701",0
"Mcavernosa24708",0
"Mcavernosa24714",0
"Mcavernosa24716",0
"Mcavernosa24716",0
"Mcavernosa24716",0
"Mcavernosa24717",0
"Mcavernosa24717",0
"Mcavernosa24717",0
"Mcavernosa24717",0
"Mcavernosa24739",0
"Mcavernosa24739",0
"Mcavernosa24742",0
"Mcavernosa24742",0
"Mcavernosa24822",0
"Mcavernosa24839",0
"Mcavernosa24853",0
"Mcavernosa24853",0
"Mcavernosa24853",0
"Mcavernosa24868",0
"Mcavernosa24876",0
"Mcavernosa24881",0
"Mcavernosa24885",0
"Mcavernosa24887",0
"Mcavernosa24887",0
"Mcavernosa24887",0
"Mcavernosa24917",0
"Mcavernosa24928",0
"Mcavernosa24928",1
"Mcavernosa24930",0
"Mcavernosa24930",0
"Mcavernosa24932",0
"Mcavernosa24932",0
"Mcavernosa24934",0
"Mcavernosa24935",1
"Mcavernosa24977",0
"Mcavernosa24987",0
"Mcavernosa24997",0
"Mcavernosa25004",0
"Mcavernosa25004",0
"Mcavernosa25006",0
"Mcavernosa25039",0
"Mcavernosa25075",0
"Mcavernosa25074",0
"Mcavernosa25079",0
"Mcavernosa25090",0
"Mcavernosa25088",0
"Mcavernosa25138",0
"Mcavernosa25138",0
"Mcavernosa25138",0
"Mcavernosa25140",0
"Mcavernosa25144",0
"Mcavernosa25144",0
"Mcavernosa25159",0
"Mcavernosa25184",0
"Mcavernosa25184",0
"Mcavernosa25184",0
"Mcavernosa25193",0
"Mcavernosa25193",0
"Mcavernosa25193",0
"Mcavernosa25193",0
"Mcavernosa25195",0
"Mcavernosa25195",0
"Mcavernosa25222",0
"Mcavernosa25247",0
"Mcavernosa25249",0
"Mcavernosa25250",0
"Mcavernosa25258",0
"Mcavernosa25258",0
"Mcavernosa25270",0
"Mcavernosa25269",0
"Mcavernosa25279",0
"Mcavernosa25281",0
"Mcavernosa25281",0
"Mcavernosa25281",0
"Mcavernosa25289",0
"Mcavernosa25289",0
"Mcavernosa25303",0
"Mcavernosa25308",0
"Mcavernosa25308",0
"Mcavernosa25310",0
"Mcavernosa25319",0
"Mcavernosa25329",0
"Mcavernosa25330",0
"Mcavernosa25364",0
"Mcavernosa25362",0
"Mcavernosa16391",0
"Mcavernosa16397",0
"Mcavernosa16396",0
"Mcavernosa16450",0
"Mcavernosa16456",0
"Mcavernosa16454",0
"Mcavernosa16477",0
"Mcavernosa16477",0
"Mcavernosa16481",0
"Mcavernosa16481",0
"Mcavernosa16494",0
"Mcavernosa16494",0
"Mcavernosa16522",0
"Mcavernosa16542",0
"Mcavernosa16542",0
"Mcavernosa16562",1
"Mcavernosa16568",0
"Mcavernosa16578",0
"Mcavernosa16578",0
"Mcavernosa16656",0
"Mcavernosa16657",0
"Mcavernosa16657",0
"Mcavernosa16657",1
"Mcavernosa16675",0
"Mcavernosa16675",0
"Mcavernosa16677",0
"Mcavernosa16675",0
"Mcavernosa16682",0
"Mcavernosa16682",0
"Mcavernosa16687",0
"Mcavernosa16706",0
"Mcavernosa16711",0
"Mcavernosa16711",0
"Mcavernosa16711",0
"Mcavernosa16711",0
"Mcavernosa16711",0
"Mcavernosa16711",0
"Mcavernosa16711",0
"Mcavernosa16711",0
"Mcavernosa16785",0
"Mcavernosa16787",0
"Mcavernosa16802",0
"Mcavernosa16802",0
"Mcavernosa16809",0
"Mcavernosa16813",0
"Mcavernosa16813",0
"Mcavernosa16817",0
"Mcavernosa16855",0
"Mcavernosa16864",0
"Mcavernosa16864",0
"Mcavernosa16866",0
"Mcavernosa16869",0
"Mcavernosa16880",0
"Mcavernosa16895",0
"Mcavernosa16895",0
"Mcavernosa16931",0
"Mcavernosa16938",0
"Mcavernosa16947",0
"Mcavernosa16975",0
"Mcavernosa16997",0
"Mcavernosa17007",0
"Mcavernosa17017",0
"Mcavernosa17018",0
"Mcavernosa17017",1
"Mcavernosa17018",1
"Mcavernosa17022",0
"Mcavernosa17034",0
"Mcavernosa17063",0
"Mcavernosa17064",0
"Mcavernosa17064",0
"Mcavernosa17092",0
"Mcavernosa17154",0
"Mcavernosa17156",0
"Mcavernosa17157",0
"Mcavernosa17163",0
"Mcavernosa17167",0
"Mcavernosa17167",0
"Mcavernosa17169",0
"Mcavernosa17169",1
"Mcavernosa17181",0
"Mcavernosa17205",0
"Mcavernosa17205",0
"Mcavernosa17209",0
"Mcavernosa17223",0
"Mcavernosa17223",0
"Mcavernosa17223",0
"Mcavernosa17270",0
"Mcavernosa17271",0
"Mcavernosa17282",0
"Mcavernosa17309",0
"Mcavernosa17312",0
"Mcavernosa17312",0
"Mcavernosa17312",0
"Mcavernosa17316",0
"Mcavernosa17323",0
"Mcavernosa17323",0
"Mcavernosa17336",0
"Mcavernosa17336",0
"Mcavernosa02173",0
"Mcavernosa02176",0
"Mcavernosa02178",0
"Mcavernosa02193",0
"Mcavernosa02193",0
"Mcavernosa02209",0
"Mcavernosa02209",0
"Mcavernosa02209",0
"Mcavernosa02210",0
"Mcavernosa02213",0
"Mcavernosa02240",0
"Mcavernosa02251",0
"Mcavernosa02272",0
"Mcavernosa02281",0
"Mcavernosa02298",0
"Mcavernosa02299",0
"Mcavernosa02315",1
"Mcavernosa02315",0
"Mcavernosa02332",0
"Mcavernosa02336",0
"Mcavernosa02336",0
"Mcavernosa02337",0
"Mcavernosa02350",0
"Mcavernosa02352",0
"Mcavernosa02360",0
"Mcavernosa02359",0
"Mcavernosa02360",0
"Mcavernosa02361",0
"Mcavernosa02384",0
"Mcavernosa02388",0
"Mcavernosa02388",0
"Mcavernosa02407",1
"Mcavernosa02443",0
"Mcavernosa02442",0
"Mcavernosa02444",0
"Mcavernosa02444",0
"Mcavernosa02501",0
"Mcavernosa02501",0
"Mcavernosa02501",0
"Mcavernosa02501",0
"Mcavernosa02501",0
"Mcavernosa02539",0
"Mcavernosa02559",0
"Mcavernosa02592",0
"Mcavernosa02595",0
"Mcavernosa02595",0
"Mcavernosa02595",0
"Mcavernosa02606",1
"Mcavernosa02643",0
"Mcavernosa02643",1
"Mcavernosa02656",0
"Mcavernosa02661",0
"Mcavernosa02661",0
"Mcavernosa02661",0
"Mcavernosa02661",0
"Mcavernosa02669",0
"Mcavernosa02669",0
"Mcavernosa02669",0
"Mcavernosa02756",0
"Mcavernosa02756",0
"Mcavernosa02757",0
"Mcavernosa02757",0
"Mcavernosa02757",0
"Mcavernosa02776",0
"Mcavernosa02777",0
"Mcavernosa02777",0
"Mcavernosa02777",0
"Mcavernosa02779",0
"Mcavernosa02783",1
"Mcavernosa02791",0
"Mcavernosa02791",0
"Mcavernosa02820",1
"Mcavernosa02869",0
"Mcavernosa02869",0
"Mcavernosa02869",0
"Mcavernosa02869",0
"Mcavernosa02895",0
"Mcavernosa02895",0
"Mcavernosa02901",0
"Mcavernosa02901",0
"Mcavernosa02923",0
"Mcavernosa02927",0
"Mcavernosa02964",0
"Mcavernosa02995",0
"Mcavernosa02999",0
"Mcavernosa03034",0
"Mcavernosa03065",0
"Mcavernosa03067",0
"Mcavernosa03067",0
"Mcavernosa03076",0
"Mcavernosa03076",0
"Mcavernosa03076",0
"Mcavernosa03076",0
"Mcavernosa03116",0
"Mcavernosa03119",0
"Mcavernosa03130",0
"Mcavernosa30751",0
"Mcavernosa30784",0
"Mcavernosa30787",0
"Mcavernosa30835",0
"Mcavernosa30846",0
"Mcavernosa30851",0
"Mcavernosa30873",0
"Mcavernosa30877",0
"Mcavernosa30881",0
"Mcavernosa30892",0
"Mcavernosa30900",0
"Mcavernosa30900",0
"Mcavernosa30900",0
"Mcavernosa30930",0
"Mcavernosa30986",0
"Mcavernosa30990",0
"Mcavernosa30991",0
"Mcavernosa30990",0
"Mcavernosa30991",0
"Mcavernosa30990",0
"Mcavernosa30991",0
"Mcavernosa30991",0
"Mcavernosa30993",0
"Mcavernosa30997",0
"Mcavernosa30997",0
"Mcavernosa30997",0
"Mcavernosa30997",0
"Mcavernosa31000",0
"Mcavernosa31017",0
"Mcavernosa31017",0
"Mcavernosa31017",0
"Mcavernosa31019",0
"Mcavernosa31019",0
"Mcavernosa31020",0
"Mcavernosa31040",0
"Mcavernosa31037",0
"Mcavernosa31122",0
"Mcavernosa31125",0
"Mcavernosa31125",0
"Mcavernosa31136",0
"Mcavernosa31161",0
"Mcavernosa31161",0
"Mcavernosa31161",0
"Mcavernosa31161",0
"Mcavernosa31161",0
"Mcavernosa31169",0
"Mcavernosa31167",0
"Mcavernosa31174",0
"Mcavernosa31184",0
"Mcavernosa31184",0
"Mcavernosa31184",0
"Mcavernosa31195",0
"Mcavernosa31199",0
"Mcavernosa31199",0
"Mcavernosa31228",0
"Mcavernosa31241",0
"Mcavernosa31243",0
"Mcavernosa31243",0
"Mcavernosa31243",0
"Mcavernosa31245",0
"Mcavernosa31288",0
"Mcavernosa31337",0
"Mcavernosa31337",0
"Mcavernosa31337",0
"Mcavernosa31337",0
"Mcavernosa31383",0
"Mcavernosa31407",0
"Mcavernosa31414",0
"Mcavernosa31416",0
"Mcavernosa31416",0
"Mcavernosa31418",0
"Mcavernosa31417",0
"Mcavernosa31418",0
"Mcavernosa31417",0
"Mcavernosa31419",0
"Mcavernosa31425",0
"Mcavernosa31429",0
"Mcavernosa31429",1
"Mcavernosa31430",1
"Mcavernosa31429",0
"Mcavernosa31430",0
"Mcavernosa31430",1
"Mcavernosa31439",0
"Mcavernosa31439",0
"Mcavernosa31455",0
"Mcavernosa31515",0
"Mcavernosa31525",0
"Mcavernosa31530",0
"Mcavernosa31539",0
"Mcavernosa31574",0
"Mcavernosa31575",0
"Mcavernosa31595",0
"Mcavernosa31596",0
"Mcavernosa31618",0
"Mcavernosa31619",0
"Mcavernosa31620",0
"Mcavernosa04310",0
"Mcavernosa04315",0
"Mcavernosa04315",0
"Mcavernosa04355",0
"Mcavernosa04364",0
"Mcavernosa04372",0
"Mcavernosa04385",0
"Mcavernosa04397",0
"Mcavernosa04412",0
"Mcavernosa04410",0
"Mcavernosa04412",0
"Mcavernosa04410",0
"Mcavernosa04418",0
"Mcavernosa04423",0
"Mcavernosa04433",0
"Mcavernosa04439",0
"Mcavernosa04439",0
"Mcavernosa04442",0
"Mcavernosa04462",0
"Mcavernosa04527",0
"Mcavernosa04526",0
"Mcavernosa04544",0
"Mcavernosa04579",0
"Mcavernosa04580",0
"Mcavernosa04580",0
"Mcavernosa04639",0
"Mcavernosa04644",0
"Mcavernosa04644",0
"Mcavernosa04644",0
"Mcavernosa04654",0
"Mcavernosa04695",0
"Mcavernosa04698",0
"Mcavernosa04712",0
"Mcavernosa04712",0
"Mcavernosa04719",0
"Mcavernosa04726",0
"Mcavernosa04728",0
"Mcavernosa04728",0
"Mcavernosa04749",1
"Mcavernosa04750",0
"Mcavernosa04797",0
"Mcavernosa04798",0
"Mcavernosa04941",0
"Mcavernosa04958",0
"Mcavernosa04960",0
"Mcavernosa05004",0
"Mcavernosa05007",0
"Mcavernosa05007",0
"Mcavernosa05007",0
"Mcavernosa05007",0
"Mcavernosa05007",0
"Mcavernosa05078",0
"Mcavernosa05135",0
"Mcavernosa05136",0
"Mcavernosa05156",0
"Mcavernosa05156",0
"Mcavernosa05158",0
"Mcavernosa05159",0
"Mcavernosa05158",0
"Mcavernosa05159",0
"Mcavernosa05169",0
"Mcavernosa05169",0
"Mcavernosa05185",0
"Mcavernosa05197",0
"Mcavernosa05212",0
"Mcavernosa05229",0
"Mcavernosa05229",0
"Mcavernosa05291",0
"Mcavernosa05312",0
"Mcavernosa05330",0
"Mcavernosa05341",1
"Mcavernosa05341",0
"Mcavernosa05341",0
"Mcavernosa05344",0
"Mcavernosa05409",0
"Mcavernosa05416",0
"Mcavernosa05420",0
"Mcavernosa05449",0
"Mcavernosa05450",0
"Mcavernosa05453",0
"Mcavernosa05454",0
"Mcavernosa05453",0
"Mcavernosa05455",0
"Mcavernosa05478",0
"Mcavernosa05479",0
"Mcavernosa05508",0
"Mcavernosa05513",0
"Mcavernosa05520",0
"Mcavernosa05520",0
"Mcavernosa05520",0
"Mcavernosa05520",0
"Mcavernosa05546",0
"Mcavernosa05548",0
"Mcavernosa05548",1
"Mcavernosa05563",0
"Mcavernosa05563",0
"Mcavernosa05565",0
"Mcavernosa05572",0
"Mcavernosa05655",0
"Mcavernosa05655",0
"Mcavernosa05659",0
"Mcavernosa05659",0
"Mcavernosa05659",0
"Mcavernosa05678",0
"Mcavernosa05678",0
"Mcavernosa05688",0
"Mcavernosa05695",0
"Mcavernosa05695",0
"Mcavernosa05695",0
"Mcavernosa05695",0
"Mcavernosa05697",0
"Mcavernosa05700",0
"Mcavernosa05700",0
"Mcavernosa05701",0
"Mcavernosa05702",0
"Mcavernosa05708",0
"Mcavernosa05731",0
"Mcavernosa05732",0
"Mcavernosa05731",0
"Mcavernosa05732",0
"Mcavernosa05736",0
"Mcavernosa05750",0
"Mcavernosa05780",0
"Mcavernosa05780",1
"Mcavernosa05780",0
"Mcavernosa05792",0
"Mcavernosa05792",0
"Mcavernosa05809",0
"Mcavernosa05810",0
"Mcavernosa05814",0
"Mcavernosa05823",0
"Mcavernosa05844",0
"Mcavernosa05844",0
"Mcavernosa05844",0
"Mcavernosa05844",0
"Mcavernosa05844",0
"Mcavernosa05857",0
"Mcavernosa05857",0
"Mcavernosa05857",0
"Mcavernosa05857",0
"Mcavernosa05867",0
"Mcavernosa05869",0
"Mcavernosa05869",0
"Mcavernosa05895",0
"Mcavernosa05895",1
"Mcavernosa05895",0
"Mcavernosa05895",0
"Mcavernosa05897",0
"Mcavernosa05895",0
"Mcavernosa05897",0
"Mcavernosa05905",0
"Mcavernosa05905",0
"Mcavernosa05922",0
"Mcavernosa05958",0
"Mcavernosa05957",0
"Mcavernosa05968",0
"Mcavernosa05970",0
"Mcavernosa05971",0
"Mcavernosa06045",0
"Mcavernosa06049",0
"Mcavernosa06079",0
"Mcavernosa06080",0
"Mcavernosa06123",0
"Mcavernosa06124",0
"Mcavernosa06124",0
"Mcavernosa06125",0
"Mcavernosa06125",0
"Mcavernosa06125",0
"Mcavernosa06135",0
"Mcavernosa06169",0
"Mcavernosa06169",0
"Mcavernosa06170",0
"Mcavernosa06170",0
"Mcavernosa06170",0
"Mcavernosa06172",0
"Mcavernosa06186",0
"Mcavernosa12252",0
"Mcavernosa12316",0
"Mcavernosa12337",0
"Mcavernosa12340",0
"Mcavernosa12348",0
"Mcavernosa12348",0
"Mcavernosa12359",0
"Mcavernosa12360",0
"Mcavernosa12369",0
"Mcavernosa12375",0
"Mcavernosa12381",0
"Mcavernosa12397",0
"Mcavernosa12427",0
"Mcavernosa12427",0
"Mcavernosa12439",0
"Mcavernosa12440",0
"Mcavernosa12441",0
"Mcavernosa12441",0
"Mcavernosa12448",0
"Mcavernosa12450",0
"Mcavernosa12448",0
"Mcavernosa12470",0
"Mcavernosa12471",0
"Mcavernosa12470",0
"Mcavernosa12471",0
"Mcavernosa12472",0
"Mcavernosa12556",0
"Mcavernosa12556",1
"Mcavernosa12566",0
"Mcavernosa12576",0
"Mcavernosa12616",0
"Mcavernosa12621",0
"Mcavernosa12621",0
"Mcavernosa12621",0
"Mcavernosa12621",0
"Mcavernosa12622",0
"Mcavernosa12624",0
"Mcavernosa12624",0
"Mcavernosa12624",0
"Mcavernosa12726",0
"Mcavernosa12730",0
"Mcavernosa12779",0
"Mcavernosa12780",0
"Mcavernosa12786",0
"Mcavernosa12785",0
"Mcavernosa12786",0
"Mcavernosa12785",0
"Mcavernosa12806",0
"Mcavernosa12829",0
"Mcavernosa12829",0
"Mcavernosa12829",0
"Mcavernosa12831",0
"Mcavernosa12831",0
"Mcavernosa12857",0
"Mcavernosa12905",0
"Mcavernosa12905",0
"Mcavernosa12914",0
"Mcavernosa12925",0
"Mcavernosa12958",0
"Mcavernosa12958",0
"Mcavernosa12976",0
"Mcavernosa12985",0
"Mcavernosa12985",0
"Mcavernosa13039",0
"Mcavernosa13039",0
"Mcavernosa13044",0
"Mcavernosa13117",0
"Mcavernosa13124",0
"Mcavernosa13124",0
"Mcavernosa13131",0
"Mcavernosa13133",0
"Mcavernosa13155",0
"Mcavernosa13160",1
"Mcavernosa13193",0
"Mcavernosa13199",0
"Mcavernosa13198",0
"Mcavernosa13199",0
"Mcavernosa13198",0
"Mcavernosa13199",0
"Mcavernosa13198",0
"Mcavernosa13199",0
"Mcavernosa13198",0
"Mcavernosa13199",0
"Mcavernosa13198",0
"Mcavernosa13202",0
"Mcavernosa13214",0
"Mcavernosa13225",0
"Mcavernosa13235",0
"Mcavernosa13246",0
"Mcavernosa13255",0
"Mcavernosa13269",0
"Mcavernosa13270",0
"Mcavernosa13270",0
"Mcavernosa13270",0
"Mcavernosa13270",0
"Mcavernosa13270",0
"Mcavernosa13398",0
"Mcavernosa13397",0
"Mcavernosa13400",0
"Mcavernosa13400",0
"Mcavernosa13400",0
"Mcavernosa13421",0
"Mcavernosa13428",0
"Mcavernosa13428",0
"Mcavernosa13471",0
"Mcavernosa13480",0
"Mcavernosa13486",0
"Mcavernosa13486",0
"Mcavernosa13541",0
"Mcavernosa13541",0
"Mcavernosa13549",0
"Mcavernosa13590",0
"Mcavernosa13590",0
"Mcavernosa13617",0
"Mcavernosa13617",0
"Mcavernosa13632",0
"Mcavernosa13632",0
"Mcavernosa13646",0
"Mcavernosa13646",0
"Mcavernosa13675",0
"Mcavernosa13685",0
"Mcavernosa13691",0
"Mcavernosa13692",0
"Mcavernosa13698",1
"Mcavernosa13699",0
"Mcavernosa13717",0
"Mcavernosa13739",0
"Mcavernosa13845",0
"Mcavernosa13845",0
"Mcavernosa13852",0
"Mcavernosa13852",0
"Mcavernosa13858",0
"Mcavernosa13862",0
"Mcavernosa13862",0
"Mcavernosa13874",0
"Mcavernosa13875",0
"Mcavernosa13885",0
"Mcavernosa13758",0
"Mcavernosa13759",0
"Mcavernosa13765",0
"Mcavernosa13763",0
"Mcavernosa13771",0
"Mcavernosa13783",1
"Mcavernosa13787",0
"Mcavernosa13791",0
"Mcavernosa13792",0
"Mcavernosa13800",0
"Mcavernosa13800",0
"Mcavernosa13801",0
"Mcavernosa13802",0
"Mcavernosa13804",0
"Mcavernosa13813",0
"Mcavernosa13823",0
"Mcavernosa13838",0
"Mcavernosa13842",0
"Mcavernosa13901",0
"Mcavernosa13903",0
"Mcavernosa13921",0
"Mcavernosa13924",0
"Mcavernosa13924",0
"Mcavernosa13924",0
"Mcavernosa13924",0
"Mcavernosa13924",0
"Mcavernosa13993",0
"Mcavernosa13993",0
"Mcavernosa13993",0
"Mcavernosa13993",0
"Mcavernosa13993",0
"Mcavernosa14001",0
"Mcavernosa14059",0
"Mcavernosa14059",0
"Mcavernosa14059",0
"Mcavernosa14094",0
"Mcavernosa14094",0
"Mcavernosa14094",0
"Mcavernosa14107",0
"Mcavernosa14143",0
"Mcavernosa14143",0
"Mcavernosa14143",0
"Mcavernosa14147",0
"Mcavernosa14147",0
"Mcavernosa14169",0
"Mcavernosa14178",0
"Mcavernosa14183",0
"Mcavernosa14188",0
"Mcavernosa14189",0
"Mcavernosa14195",0
"Mcavernosa14211",0
"Mcavernosa14227",0
"Mcavernosa14234",0
"Mcavernosa14234",0
"Mcavernosa14253",0
"Mcavernosa14269",0
"Mcavernosa14269",0
"Mcavernosa14291",0
"Mcavernosa14292",0
"Mcavernosa14295",0
"Mcavernosa27803",0
"Mcavernosa27803",0
"Mcavernosa27805",0
"Mcavernosa27804",0
"Mcavernosa27805",1
"Mcavernosa27804",1
"Mcavernosa27831",0
"Mcavernosa27833",0
"Mcavernosa27835",0
"Mcavernosa27835",0
"Mcavernosa27852",0
"Mcavernosa27879",0
"Mcavernosa27903",0
"Mcavernosa27923",0
"Mcavernosa27938",0
"Mcavernosa27939",0
"Mcavernosa27938",0
"Mcavernosa27939",0
"Mcavernosa27944",0
"Mcavernosa27956",0
"Mcavernosa27956",0
"Mcavernosa27957",0
"Mcavernosa28002",0
"Mcavernosa28002",0
"Mcavernosa28020",0
"Mcavernosa28059",0
"Mcavernosa28059",0
"Mcavernosa28059",1
"Mcavernosa28061",0
"Mcavernosa28061",0
"Mcavernosa28065",0
"Mcavernosa28065",0
"Mcavernosa28074",0
"Mcavernosa28077",0
"Mcavernosa28077",0
"Mcavernosa28107",0
"Mcavernosa28106",0
"Mcavernosa28104",0
"Mcavernosa28107",0
"Mcavernosa28106",0
"Mcavernosa28104",0
"Mcavernosa28107",0
"Mcavernosa28106",0
"Mcavernosa28107",0
"Mcavernosa28106",0
"Mcavernosa28110",0
"Mcavernosa28113",0
"Mcavernosa28114",0
"Mcavernosa28133",0
"Mcavernosa28140",0
"Mcavernosa28140",0
"Mcavernosa28140",0
"Mcavernosa28140",0
"Mcavernosa28147",0
"Mcavernosa28167",0
"Mcavernosa28202",0
"Mcavernosa28214",0
"Mcavernosa28237",0
"Mcavernosa28240",0
"Mcavernosa28328",0
"Mcavernosa28328",0
"Mcavernosa28352",0
"Mcavernosa28407",0
"Mcavernosa28430",0
"Mcavernosa28437",0
"Mcavernosa28440",0
"Mcavernosa28440",0
"Mcavernosa28457",0
"Mcavernosa28457",0
"Mcavernosa28483",0
"Mcavernosa28507",0
"Mcavernosa28507",0
"Mcavernosa28507",0
"Mcavernosa28529",0
"Mcavernosa28529",0
"Mcavernosa28529",0
"Mcavernosa28546",0
"Mcavernosa28546",0
"Mcavernosa28552",0
"Mcavernosa28553",0
"Mcavernosa28568",0
"Mcavernosa28570",0
"Mcavernosa28574",0
"Mcavernosa28576",0
"Mcavernosa28576",0
"Mcavernosa28576",0
"Mcavernosa28579",0
"Mcavernosa28605",0
"Mcavernosa28605",0
"Mcavernosa28605",1
"Mcavernosa28609",0
"Mcavernosa28634",0
"Mcavernosa28634",0
"Mcavernosa28634",0
"Mcavernosa28663",0
"Mcavernosa28682",0
"Mcavernosa28691",0
"Mcavernosa28691",0
"Mcavernosa28691",0
"Mcavernosa28713",0
"Mcavernosa28713",0
"Mcavernosa28713",0
"Mcavernosa28780",0
"Mcavernosa28783",0
"Mcavernosa28793",0
"Mcavernosa08299",0
"Mcavernosa08308",0
"Mcavernosa08313",0
"Mcavernosa08315",0
"Mcavernosa08318",0
"Mcavernosa08323",0
"Mcavernosa08338",0
"Mcavernosa08366",0
"Mcavernosa08379",0
"Mcavernosa08385",0
"Mcavernosa08392",0
"Mcavernosa08401",0
"Mcavernosa08403",0
"Mcavernosa08405",0
"Mcavernosa08409",0
"Mcavernosa08409",0
"Mcavernosa08414",0
"Mcavernosa08435",0
"Mcavernosa08446",0
"Mcavernosa08490",0
"Mcavernosa08490",0
"Mcavernosa08490",0
"Mcavernosa08490",0
"Mcavernosa08491",0
"Mcavernosa08505",0
"Mcavernosa08504",0
"Mcavernosa08528",1
"Mcavernosa08559",0
"Mcavernosa08560",0
"Mcavernosa08566",1
"Mcavernosa08569",0
"Mcavernosa08569",0
"Mcavernosa08569",0
"Mcavernosa08569",0
"Mcavernosa08569",0
"Mcavernosa08569",0
"Mcavernosa08593",0
"Mcavernosa08605",1
"Mcavernosa08611",0
"Mcavernosa08636",0
"Mcavernosa08663",0
"Mcavernosa08668",0
"Mcavernosa08668",0
"Mcavernosa08672",0
"Mcavernosa08672",0
"Mcavernosa08672",0
"Mcavernosa08679",0
"Mcavernosa08698",0
"Mcavernosa08702",0
"Mcavernosa08721",0
"Mcavernosa08728",0
"Mcavernosa08742",0
"Mcavernosa08742",0
"Mcavernosa08749",0
"Mcavernosa08748",0
"Mcavernosa08749",0
"Mcavernosa08749",0
"Mcavernosa08759",0
"Mcavernosa08759",0
"Mcavernosa08859",0
"Mcavernosa08863",0
"Mcavernosa08863",0
"Mcavernosa08863",0
"Mcavernosa08863",0
"Mcavernosa08892",0
"Mcavernosa08914",0
"Mcavernosa08914",0
"Mcavernosa08914",0
"Mcavernosa08914",0
"Mcavernosa08914",0
"Mcavernosa08916",0
"Mcavernosa08923",0
"Mcavernosa08966",0
"Mcavernosa08974",0
"Mcavernosa08987",0
"Mcavernosa08987",0
"Mcavernosa08996",0
"Mcavernosa08997",0
"Mcavernosa08996",0
"Mcavernosa09003",0
"Mcavernosa09003",0
"Mcavernosa09014",1
"Mcavernosa09019",0
"Mcavernosa09023",1
"Mcavernosa09033",0
"Mcavernosa09054",0
"Mcavernosa09064",0
"Mcavernosa09064",0
"Mcavernosa09071",0
"Mcavernosa09071",0
"Mcavernosa09077",0
"Mcavernosa09078",0
"Mcavernosa09094",0
"Mcavernosa09095",0
"Mcavernosa09095",0
"Mcavernosa09095",0
"Mcavernosa09170",0
"Mcavernosa09175",0
"Mcavernosa09183",0
"Mcavernosa09211",0
"Mcavernosa09237",0
"Mcavernosa09237",0
"Mcavernosa09244",0
"Mcavernosa09244",0
"Mcavernosa09244",0
"Mcavernosa09249",0
"Mcavernosa09267",0
"Mcavernosa09268",0
"Mcavernosa09268",0
"Mcavernosa14297",0
"Mcavernosa14297",0
"Mcavernosa14297",0
"Mcavernosa14297",0
"Mcavernosa14297",0
"Mcavernosa14297",0
"Mcavernosa14301",0
"Mcavernosa14315",0
"Mcavernosa14315",0
"Mcavernosa14323",0
"Mcavernosa14323",0
"Mcavernosa14323",1
"Mcavernosa14323",1
"Mcavernosa14377",0
"Mcavernosa14398",0
"Mcavernosa14408",0
"Mcavernosa14405",0
"Mcavernosa14408",0
"Mcavernosa14412",0
"Mcavernosa14414",0
"Mcavernosa14416",0
"Mcavernosa14418",0
"Mcavernosa14422",0
"Mcavernosa14428",0
"Mcavernosa14444",0
"Mcavernosa14444",0
"Mcavernosa14457",0
"Mcavernosa14462",0
"Mcavernosa14462",0
"Mcavernosa14462",0
"Mcavernosa14481",0
"Mcavernosa14552",0
"Mcavernosa14563",0
"Mcavernosa14576",0
"Mcavernosa14576",0
"Mcavernosa14668",0
"Mcavernosa14668",0
"Mcavernosa14669",0
"Mcavernosa14669",0
"Mcavernosa14669",0
"Mcavernosa14684",0
"Mcavernosa14693",0
"Mcavernosa14702",0
"Mcavernosa14729",0
"Mcavernosa14729",0
"Mcavernosa14756",0
"Mcavernosa14756",0
"Mcavernosa14757",0
"Mcavernosa14776",0
"Mcavernosa14776",0
"Mcavernosa14781",0
"Mcavernosa14797",0
"Mcavernosa14806",0
"Mcavernosa14811",0
"Mcavernosa14811",0
"Mcavernosa14811",0
"Mcavernosa14816",0
"Mcavernosa14819",0
"Mcavernosa14819",0
"Mcavernosa14820",0
"Mcavernosa14820",0
"Mcavernosa14838",1
"Mcavernosa14840",0
"Mcavernosa14840",0
"Mcavernosa14849",0
"Mcavernosa14849",0
"Mcavernosa14881",0
"Mcavernosa14879",0
"Mcavernosa14883",0
"Mcavernosa14884",0
"Mcavernosa14883",0
"Mcavernosa14884",0
"Mcavernosa14921",0
"Mcavernosa14928",0
"Mcavernosa14928",1
"Mcavernosa14966",0
"Mcavernosa14969",0
"Mcavernosa14969",0
"Mcavernosa14973",0
"Mcavernosa15006",0
"Mcavernosa15008",0
"Mcavernosa15010",0
"Mcavernosa15009",0
"Mcavernosa15121",1
"Mcavernosa15132",0
"Mcavernosa15134",0
"Mcavernosa15136",0
"Mcavernosa15136",0
"Mcavernosa15143",0
"Mcavernosa15144",0
"Mcavernosa15155",0
"Mcavernosa15157",0
"Mcavernosa15157",0
"Mcavernosa15167",0
"Mcavernosa15185",0
"Mcavernosa15185",0
"Mcavernosa15185",0
"Mcavernosa15186",0
"Mcavernosa15185",0
"Mcavernosa15187",0
"Mcavernosa15190",0
"Mcavernosa15196",0
"Mcavernosa15217",0
"Mcavernosa15217",0
"Mcavernosa15217",0
"Mcavernosa15227",0
"Mcavernosa15249",0
"Mcavernosa15292",0
"Mcavernosa15292",0
"Mcavernosa15292",0
"Mcavernosa15292",0
"Mcavernosa15292",0
"Mcavernosa15292",0
"Mcavernosa15292",0
"Mcavernosa15292",0
"Mcavernosa15292",0
"Mcavernosa15292",0
"Mcavernosa15292",0
"Mcavernosa15292",0
"Mcavernosa15311",0
"Mcavernosa15325",0
"Mcavernosa15336",0
"Mcavernosa15350",0
"Mcavernosa15356",0
"Mcavernosa15377",0
"Mcavernosa15377",0
"Mcavernosa11270",0
"Mcavernosa11274",0
"Mcavernosa11276",0
"Mcavernosa11276",0
"Mcavernosa11313",0
"Mcavernosa11319",0
"Mcavernosa11348",0
"Mcavernosa11368",0
"Mcavernosa11368",0
"Mcavernosa11368",0
"Mcavernosa11368",0
"Mcavernosa11371",0
"Mcavernosa11384",0
"Mcavernosa11386",0
"Mcavernosa11386",0
"Mcavernosa11386",0
"Mcavernosa11388",0
"Mcavernosa11388",0
"Mcavernosa11388",0
"Mcavernosa11392",0
"Mcavernosa11391",0
"Mcavernosa11392",0
"Mcavernosa11391",0
"Mcavernosa11401",0
"Mcavernosa11401",0
"Mcavernosa11493",0
"Mcavernosa11499",0
"Mcavernosa11501",0
"Mcavernosa11512",0
"Mcavernosa11524",1
"Mcavernosa11524",1
"Mcavernosa11524",0
"Mcavernosa11530",0
"Mcavernosa11546",0
"Mcavernosa11541",0
"Mcavernosa11558",0
"Mcavernosa11561",0
"Mcavernosa11564",0
"Mcavernosa11564",0
"Mcavernosa11600",0
"Mcavernosa11618",0
"Mcavernosa11629",0
"Mcavernosa11636",0
"Mcavernosa11636",0
"Mcavernosa11636",0
"Mcavernosa11639",0
"Mcavernosa11639",0
"Mcavernosa11639",0
"Mcavernosa11641",0
"Mcavernosa11659",0
"Mcavernosa11679",0
"Mcavernosa11679",0
"Mcavernosa11679",0
"Mcavernosa11683",0
"Mcavernosa11691",0
"Mcavernosa11691",0
"Mcavernosa11692",0
"Mcavernosa11702",0
"Mcavernosa11703",0
"Mcavernosa11719",0
"Mcavernosa11734",0
"Mcavernosa11829",0
"Mcavernosa11883",0
"Mcavernosa11886",0
"Mcavernosa11893",0
"Mcavernosa11893",0
"Mcavernosa11910",0
"Mcavernosa11910",0
"Mcavernosa11917",0
"Mcavernosa11919",0
"Mcavernosa11922",0
"Mcavernosa11922",0
"Mcavernosa11924",0
"Mcavernosa11926",0
"Mcavernosa11930",0
"Mcavernosa11933",0
"Mcavernosa11938",0
"Mcavernosa11968",0
"Mcavernosa11968",0
"Mcavernosa11968",0
"Mcavernosa11970",0
"Mcavernosa11971",0
"Mcavernosa11971",0
"Mcavernosa11971",0
"Mcavernosa12107",1
"Mcavernosa12113",0
"Mcavernosa12126",0
"Mcavernosa12142",0
"Mcavernosa12142",0
"Mcavernosa31670",0
"Mcavernosa31669",0
"Mcavernosa31670",0
"Mcavernosa31669",0
"Mcavernosa31671",0
"Mcavernosa31684",0
"Mcavernosa31692",0
"Mcavernosa31692",0
"Mcavernosa31642",0
"Mcavernosa31642",0
"Mcavernosa31648",0
"Mcavernosa31648",0
"Mcavernosa31648",0
"Mcavernosa31702",0
"Mcavernosa31702",0
"Mcavernosa31702",0
"Mcavernosa31702",1
"Mcavernosa31705",0
"Mcavernosa31703",0
"Mcavernosa31707",0
"Mcavernosa31719",0
"Mcavernosa31719",0
"Mcavernosa31719",0
"Mcavernosa31727",0
"Mcavernosa31731",1
"Mcavernosa31747",0
"Mcavernosa31801",0
"Mcavernosa31815",0
"Mcavernosa31821",0
"Mcavernosa31821",0
"Mcavernosa31827",0
"Mcavernosa31830",0
"Mcavernosa31831",0
"Mcavernosa31831",0
"Mcavernosa31836",0
"Mcavernosa31869",0
"Mcavernosa31869",0
"Mcavernosa31876",0
"Mcavernosa31876",0
"Mcavernosa31882",0
"Mcavernosa31886",0
"Mcavernosa31887",0
"Mcavernosa31887",0
"Mcavernosa31887",0
"Mcavernosa31887",0
"Mcavernosa31927",0
"Mcavernosa31932",0
"Mcavernosa31939",0
"Mcavernosa31954",0
"Mcavernosa31954",0
"Mcavernosa31954",0
"Mcavernosa31974",1
"Mcavernosa31984",0
"Mcavernosa31981",0
"Mcavernosa31984",0
"Mcavernosa31981",0
"Mcavernosa31984",0
"Mcavernosa32003",0
"Mcavernosa32003",0
"Mcavernosa32003",0
"Mcavernosa32025",0
"Mcavernosa32025",0
"Mcavernosa32033",0
"Mcavernosa32033",0
"Mcavernosa32036",0
"Mcavernosa32036",0
"Mcavernosa32037",0
"Mcavernosa32037",0
"Mcavernosa32138",0
"Mcavernosa32138",0
"Mcavernosa32138",0
"Mcavernosa32140",0
"Mcavernosa32167",0
"Mcavernosa32183",0
"Mcavernosa32213",1
"Mcavernosa32234",0
"Mcavernosa32275",0
"Mcavernosa32298",0
"Mcavernosa32367",0
"Mcavernosa32367",0
"Mcavernosa32391",0
"Mcavernosa32391",0
"Mcavernosa32391",0
"Mcavernosa32391",0
"Mcavernosa32397",0
"Mcavernosa32397",0
"Mcavernosa32401",0
"Mcavernosa32403",0
"Mcavernosa32404",0
"Mcavernosa32403",0
"Mcavernosa32404",0
"Mcavernosa32404",0
"Mcavernosa32408",0
"Mcavernosa32410",0
"Mcavernosa32408",0
"Mcavernosa32429",0
"Mcavernosa32429",0
"Mcavernosa32443",0
"Mcavernosa32498",0
"Mcavernosa32498",0
"Mcavernosa32498",0
"Mcavernosa32505",0
"Mcavernosa32505",0
"Mcavernosa32506",0
"Mcavernosa18178",0
"Mcavernosa18178",0
"Mcavernosa18182",0
"Mcavernosa18188",0
"Mcavernosa18188",0
"Mcavernosa18188",0
"Mcavernosa18204",0
"Mcavernosa18254",0
"Mcavernosa18250",0
"Mcavernosa18277",0
"Mcavernosa18301",0
"Mcavernosa18345",0
"Mcavernosa18345",0
"Mcavernosa18360",1
"Mcavernosa18360",1
"Mcavernosa18360",0
"Mcavernosa18368",0
"Mcavernosa18367",0
"Mcavernosa18460",0
"Mcavernosa18464",0
"Mcavernosa18481",0
"Mcavernosa18526",0
"Mcavernosa18529",0
"Mcavernosa18528",0
"Mcavernosa18535",0
"Mcavernosa18534",0
"Mcavernosa18535",0
"Mcavernosa18535",0
"Mcavernosa18547",0
"Mcavernosa18560",0
"Mcavernosa18562",0
"Mcavernosa18563",0
"Mcavernosa18563",0
"Mcavernosa18563",0
"Mcavernosa18565",0
"Mcavernosa18567",0
"Mcavernosa18568",0
"Mcavernosa18568",0
"Mcavernosa18568",0
"Mcavernosa18568",0
"Mcavernosa18573",0
"Mcavernosa18580",0
"Mcavernosa18590",0
"Mcavernosa18590",0
"Mcavernosa18598",0
"Mcavernosa18613",0
"Mcavernosa18613",0
"Mcavernosa18616",0
"Mcavernosa18613",0
"Mcavernosa18616",0
"Mcavernosa18619",1
"Mcavernosa18619",0
"Mcavernosa18621",0
"Mcavernosa18622",0
"Mcavernosa18646",0
"Mcavernosa18699",0
"Mcavernosa18718",0
"Mcavernosa18718",0
"Mcavernosa18721",0
"Mcavernosa18721",0
"Mcavernosa18748",0
"Mcavernosa18751",0
"Mcavernosa18752",0
"Mcavernosa18751",0
"Mcavernosa18752",0
"Mcavernosa18753",1
"Mcavernosa18758",0
"Mcavernosa18759",0
"Mcavernosa18771",0
"Mcavernosa18773",0
"Mcavernosa18811",0
"Mcavernosa18812",0
"Mcavernosa18838",0
"Mcavernosa18843",0
"Mcavernosa18873",0
"Mcavernosa18896",0
"Mcavernosa18908",0
"Mcavernosa18910",0
"Mcavernosa18910",0
"Mcavernosa18913",0
"Mcavernosa18913",0
"Mcavernosa18946",0
"Mcavernosa18946",0
"Mcavernosa18947",0
"Mcavernosa18947",0
"Mcavernosa18951",0
"Mcavernosa19007",0
"Mcavernosa19013",0
"Mcavernosa19015",0
"Mcavernosa19015",0
"Mcavernosa19110",0
"Mcavernosa19110",0
"Mcavernosa19133",0
"Mcavernosa19133",0
"Mcavernosa19161",0
"Mcavernosa19201",0
"Mcavernosa19201",0
"Mcavernosa19246",0
"Mcavernosa19246",0
"Mcavernosa19246",0
"Mcavernosa19246",0
"Mcavernosa19288",0
"Mcavernosa19294",0
"Mcavernosa19308",1
"Mcavernosa19309",0
"Mcavernosa19334",0
"Mcavernosa19334",0
"Mcavernosa19334",1
"Mcavernosa19337",0
"Mcavernosa19337",0
"Mcavernosa19345",0
"Mcavernosa19354",0
"Mcavernosa19362",0
"Mcavernosa19363",0
"Mcavernosa19363",0
"Mcavernosa19365",0
"Mcavernosa19365",0
"Mcavernosa19390",0
"Mcavernosa19417",0
"Mcavernosa19420",0
"Mcavernosa19476",0
"Mcavernosa19476",0
"Mcavernosa19486",0
"Mcavernosa19486",0
"Mcavernosa19487",0
"Mcavernosa19514",0
"Mcavernosa19514",0
"Mcavernosa19514",0
"Mcavernosa19514",0
"Mcavernosa19518",0
"Mcavernosa19536",0
"Mcavernosa19539",0
"Mcavernosa19583",0
"Mcavernosa19584",0
"Mcavernosa19589",0
"Mcavernosa19589",0
"Mcavernosa19632",0
"Mcavernosa19690",0
"Mcavernosa19690",0
"Mcavernosa19690",0
"Mcavernosa19703",0
"Mcavernosa19715",0
"Mcavernosa19715",0
"Mcavernosa19750",0
"Mcavernosa19820",0
"Mcavernosa19852",0
"Mcavernosa19856",0
"Mcavernosa19856",0
"Mcavernosa19856",0
"Mcavernosa19856",0
"Mcavernosa19880",0
"Mcavernosa19881",0
"Mcavernosa19881",1
"Mcavernosa19903",0
"Mcavernosa19907",0
"Mcavernosa19907",0
"Mcavernosa19908",1
"Mcavernosa19908",0
"Mcavernosa19912",0
"Mcavernosa19924",0
"Mcavernosa19924",0
"Mcavernosa19924",0
"Mcavernosa19929",0
"Mcavernosa20002",0
"Mcavernosa20001",0
"Mcavernosa20002",0
"Mcavernosa20001",0
"Mcavernosa20009",0
"Mcavernosa20014",0
"Mcavernosa20016",0
"Mcavernosa20027",0
"Mcavernosa20026",0
"Mcavernosa20027",0
"Mcavernosa20027",0
"Mcavernosa20027",0
"Mcavernosa20053",0
"Mcavernosa20053",0
"Mcavernosa21862",0
"Mcavernosa21863",0
"Mcavernosa21866",0
"Mcavernosa21865",0
"Mcavernosa21890",0
"Mcavernosa21893",0
"Mcavernosa21893",0
"Mcavernosa21893",0
"Mcavernosa21897",0
"Mcavernosa21913",0
"Mcavernosa21914",0
"Mcavernosa21914",0
"Mcavernosa21914",0
"Mcavernosa21914",0
"Mcavernosa21916",0
"Mcavernosa21917",0
"Mcavernosa21917",0
"Mcavernosa21923",0
"Mcavernosa21923",0
"Mcavernosa21923",0
"Mcavernosa21930",0
"Mcavernosa21931",0
"Mcavernosa21943",0
"Mcavernosa21943",0
"Mcavernosa21958",0
"Mcavernosa22015",0
"Mcavernosa22031",0
"Mcavernosa22031",0
"Mcavernosa22031",0
"Mcavernosa22036",0
"Mcavernosa22036",0
"Mcavernosa22038",0
"Mcavernosa22038",0
"Mcavernosa22038",0
"Mcavernosa22050",0
"Mcavernosa22060",0
"Mcavernosa22068",0
"Mcavernosa22068",0
"Mcavernosa22069",0
"Mcavernosa22069",0
"Mcavernosa22071",0
"Mcavernosa22100",0
"Mcavernosa22099",0
"Mcavernosa22138",0
"Mcavernosa22142",0
"Mcavernosa22155",0
"Mcavernosa22155",0
"Mcavernosa22155",0
"Mcavernosa22163",0
"Mcavernosa22188",0
"Mcavernosa22218",0
"Mcavernosa22218",0
"Mcavernosa22234",0
"Mcavernosa22241",1
"Mcavernosa22238",1
"Mcavernosa22253",0
"Mcavernosa22253",0
"Mcavernosa22259",0
"Mcavernosa22259",0
"Mcavernosa22259",0
"Mcavernosa22278",0
"Mcavernosa22281",0
"Mcavernosa22282",0
"Mcavernosa22282",0
"Mcavernosa22282",0
"Mcavernosa22322",0
"Mcavernosa22355",0
"Mcavernosa22382",1
"Mcavernosa22382",0
"Mcavernosa22382",0
"Mcavernosa22382",1
"Mcavernosa22389",0
"Mcavernosa22389",0
"Mcavernosa22389",0
"Mcavernosa22402",0
"Mcavernosa22404",0
"Mcavernosa22406",0
"Mcavernosa22406",0
"Mcavernosa22419",0
"Mcavernosa22444",0
"Mcavernosa22472",0
"Mcavernosa22538",0
"Mcavernosa22550",0
"Mcavernosa22551",0
"Mcavernosa22627",0
"Mcavernosa22684",0
"Mcavernosa22685",0
"Mcavernosa22693",0
"Mcavernosa22721",0
"Mcavernosa22722",0
"Mcavernosa22768",0
"Mcavernosa22772",0
"Mcavernosa22772",0
"Mcavernosa22777",0
"Mcavernosa15385",0
"Mcavernosa15385",0
"Mcavernosa15387",0
"Mcavernosa15393",0
"Mcavernosa15393",0
"Mcavernosa15423",1
"Mcavernosa15423",0
"Mcavernosa15423",0
"Mcavernosa15444",0
"Mcavernosa15485",0
"Mcavernosa15485",0
"Mcavernosa15485",0
"Mcavernosa15490",0
"Mcavernosa15508",0
"Mcavernosa15509",0
"Mcavernosa15521",1
"Mcavernosa15528",0
"Mcavernosa15587",0
"Mcavernosa15587",0
"Mcavernosa15608",0
"Mcavernosa15614",0
"Mcavernosa15614",0
"Mcavernosa15619",0
"Mcavernosa15635",1
"Mcavernosa15712",0
"Mcavernosa15712",1
"Mcavernosa15712",0
"Mcavernosa15712",0
"Mcavernosa15720",0
"Mcavernosa15740",0
"Mcavernosa15740",0
"Mcavernosa15786",0
"Mcavernosa15807",0
"Mcavernosa15811",0
"Mcavernosa15810",0
"Mcavernosa15811",1
"Mcavernosa15810",1
"Mcavernosa15811",0
"Mcavernosa15812",0
"Mcavernosa15877",0
"Mcavernosa15877",0
"Mcavernosa15889",0
"Mcavernosa15889",0
"Mcavernosa15894",0
"Mcavernosa15895",1
"Mcavernosa15913",0
"Mcavernosa15918",0
"Mcavernosa15916",0
"Mcavernosa15918",0
"Mcavernosa15916",0
"Mcavernosa15926",0
"Mcavernosa15928",0
"Mcavernosa15926",0
"Mcavernosa15930",0
"Mcavernosa15930",0
"Mcavernosa15973",0
"Mcavernosa15995",0
"Mcavernosa15994",0
"Mcavernosa16011",0
"Mcavernosa16014",0
"Mcavernosa16015",0
"Mcavernosa16025",0
"Mcavernosa16026",0
"Mcavernosa16034",0
"Mcavernosa16036",0
"Mcavernosa16035",0
"Mcavernosa16044",0
"Mcavernosa16056",0
"Mcavernosa16056",0
"Mcavernosa16094",0
"Mcavernosa16094",0
"Mcavernosa16094",0
"Mcavernosa16094",0
"Mcavernosa16152",0
"Mcavernosa16153",0
"Mcavernosa16153",0
"Mcavernosa16153",0
"Mcavernosa16156",0
"Mcavernosa16157",0
"Mcavernosa16156",0
"Mcavernosa16157",0
"Mcavernosa16160",0
"Mcavernosa16160",0
"Mcavernosa16160",0
"Mcavernosa16166",0
"Mcavernosa16167",0
"Mcavernosa16169",0
"Mcavernosa16180",0
"Mcavernosa16179",0
"Mcavernosa16180",0
"Mcavernosa16179",0
"Mcavernosa16186",0
"Mcavernosa16231",0
"Mcavernosa16231",0
"Mcavernosa16244",0
"Mcavernosa16257",0
"Mcavernosa16262",0
"Mcavernosa16272",0
"Mcavernosa16272",0
"Mcavernosa16299",0
"Mcavernosa16301",0
"Mcavernosa16310",0
"Mcavernosa16317",0
"Mcavernosa16329",0
"Mcavernosa16332",0
"Mcavernosa16329",0
"Mcavernosa16345",0
"Mcavernosa16345",0
"Mcavernosa16355",0
"Mcavernosa16357",0
"Mcavernosa16357",0
"Mcavernosa10265",0
"Mcavernosa10265",0
"Mcavernosa10265",0
"Mcavernosa10270",0
"Mcavernosa10271",0
"Mcavernosa10274",0
"Mcavernosa10300",0
"Mcavernosa10311",0
"Mcavernosa10317",0
"Mcavernosa10317",1
"Mcavernosa10349",0
"Mcavernosa10350",0
"Mcavernosa10354",0
"Mcavernosa10387",0
"Mcavernosa10394",0
"Mcavernosa10394",0
"Mcavernosa10402",0
"Mcavernosa10409",0
"Mcavernosa10408",0
"Mcavernosa10414",0
"Mcavernosa10414",0
"Mcavernosa10427",0
"Mcavernosa10447",0
"Mcavernosa10501",0
"Mcavernosa10510",0
"Mcavernosa10514",0
"Mcavernosa10519",0
"Mcavernosa10519",0
"Mcavernosa10524",0
"Mcavernosa10532",0
"Mcavernosa10536",0
"Mcavernosa10535",0
"Mcavernosa10536",0
"Mcavernosa10536",0
"Mcavernosa10538",0
"Mcavernosa10542",1
"Mcavernosa10542",0
"Mcavernosa10580",0
"Mcavernosa10580",0
"Mcavernosa10607",0
"Mcavernosa10607",0
"Mcavernosa10697",0
"Mcavernosa10699",0
"Mcavernosa10743",0
"Mcavernosa10763",0
"Mcavernosa10765",0
"Mcavernosa10774",0
"Mcavernosa10774",0
"Mcavernosa10778",0
"Mcavernosa10778",0
"Mcavernosa10779",0
"Mcavernosa10811",0
"Mcavernosa10817",0
"Mcavernosa10826",0
"Mcavernosa10825",0
"Mcavernosa10826",0
"Mcavernosa10899",0
"Mcavernosa10913",0
"Mcavernosa10913",0
"Mcavernosa10914",0
"Mcavernosa10938",0
"Mcavernosa10998",0
"Mcavernosa10998",0
"Mcavernosa11035",0
"Mcavernosa11038",0
"Mcavernosa11094",0
"Mcavernosa11119",0
"Mcavernosa11125",0
"Mcavernosa11125",0
"Mcavernosa11160",0
"Mcavernosa11160",1
"Mcavernosa11160",0
"Mcavernosa11161",0
"Mcavernosa11166",0
"Mcavernosa11173",1
"Mcavernosa11173",0
"Mcavernosa11173",0
"Mcavernosa11173",0
"Mcavernosa11173",0
"Mcavernosa11183",0
"Mcavernosa11187",0
"Mcavernosa11190",0
"Mcavernosa11191",0
"Mcavernosa11190",0
"Mcavernosa11191",0
"Mcavernosa11190",0
"Mcavernosa11191",0
"Mcavernosa11191",0
"Mcavernosa11191",0
"Mcavernosa11191",0
"Mcavernosa11191",0
"Mcavernosa11216",0
"Mcavernosa11223",0
"Mcavernosa09271",0
"Mcavernosa09278",0
"Mcavernosa09278",0
"Mcavernosa09350",0
"Mcavernosa09353",0
"Mcavernosa09354",0
"Mcavernosa09358",1
"Mcavernosa09357",1
"Mcavernosa09376",0
"Mcavernosa09375",0
"Mcavernosa09376",0
"Mcavernosa09375",0
"Mcavernosa09397",0
"Mcavernosa09425",0
"Mcavernosa09430",0
"Mcavernosa09432",0
"Mcavernosa09451",1
"Mcavernosa09451",0
"Mcavernosa09451",0
"Mcavernosa09460",0
"Mcavernosa09460",0
"Mcavernosa09460",0
"Mcavernosa09481",0
"Mcavernosa09496",0
"Mcavernosa09496",0
"Mcavernosa09498",0
"Mcavernosa09498",0
"Mcavernosa09540",0
"Mcavernosa09539",0
"Mcavernosa09542",0
"Mcavernosa09542",0
"Mcavernosa09554",0
"Mcavernosa09628",0
"Mcavernosa09645",0
"Mcavernosa09651",0
"Mcavernosa09700",0
"Mcavernosa09705",0
"Mcavernosa09710",0
"Mcavernosa09710",0
"Mcavernosa09719",1
"Mcavernosa09731",0
"Mcavernosa09731",0
"Mcavernosa09868",0
"Mcavernosa09868",0
"Mcavernosa09877",0
"Mcavernosa09910",0
"Mcavernosa09911",0
"Mcavernosa09910",0
"Mcavernosa09911",0
"Mcavernosa09928",0
"Mcavernosa09932",0
"Mcavernosa09932",0
"Mcavernosa09932",0
"Mcavernosa09939",0
"Mcavernosa09947",0
"Mcavernosa09952",0
"Mcavernosa09976",1
"Mcavernosa09996",0
"Mcavernosa09996",0
"Mcavernosa09997",0
"Mcavernosa09996",0
"Mcavernosa09997",0
"Mcavernosa09997",0
"Mcavernosa09997",0
"Mcavernosa09997",0
"Mcavernosa09997",0
"Mcavernosa10028",0
"Mcavernosa10032",0
"Mcavernosa10040",0
"Mcavernosa10040",0
"Mcavernosa10079",0
"Mcavernosa10079",0
"Mcavernosa10082",0
"Mcavernosa10088",0
"Mcavernosa10088",0
"Mcavernosa10088",0
"Mcavernosa10094",0
"Mcavernosa10094",0
"Mcavernosa10094",0
"Mcavernosa10101",0
"Mcavernosa10103",0
"Mcavernosa10163",0
"Mcavernosa10167",0
"Mcavernosa10168",0
"Mcavernosa10168",0
"Mcavernosa10186",0
"Mcavernosa10226",0
"Mcavernosa10226",0
"Mcavernosa20991",0
"Mcavernosa20991",0
"Mcavernosa20991",0
"Mcavernosa20993",0
"Mcavernosa21010",0
"Mcavernosa21020",0
"Mcavernosa21027",0
"Mcavernosa21027",0
"Mcavernosa21028",0
"Mcavernosa21042",0
"Mcavernosa21045",0
"Mcavernosa21053",0
"Mcavernosa21072",0
"Mcavernosa21072",0
"Mcavernosa21108",0
"Mcavernosa21123",0
"Mcavernosa21123",0
"Mcavernosa21123",0
"Mcavernosa21130",0
"Mcavernosa21133",0
"Mcavernosa21160",0
"Mcavernosa21162",0
"Mcavernosa21168",0
"Mcavernosa21168",0
"Mcavernosa21183",0
"Mcavernosa21185",0
"Mcavernosa21194",0
"Mcavernosa21191",0
"Mcavernosa21198",0
"Mcavernosa21204",0
"Mcavernosa21204",0
"Mcavernosa21204",0
"Mcavernosa21204",0
"Mcavernosa21232",0
"Mcavernosa21241",0
"Mcavernosa21305",0
"Mcavernosa21316",0
"Mcavernosa21326",0
"Mcavernosa21326",0
"Mcavernosa21392",0
"Mcavernosa21412",0
"Mcavernosa21415",0
"Mcavernosa21468",0
"Mcavernosa21494",0
"Mcavernosa21494",0
"Mcavernosa21494",0
"Mcavernosa21494",0
"Mcavernosa21529",0
"Mcavernosa21552",0
"Mcavernosa21552",0
"Mcavernosa21590",0
"Mcavernosa21606",0
"Mcavernosa21637",1
"Mcavernosa21639",0
"Mcavernosa21693",0
"Mcavernosa21693",0
"Mcavernosa21697",0
"Mcavernosa21697",0
"Mcavernosa21709",0
"Mcavernosa21709",0
"Mcavernosa21709",0
"Mcavernosa21711",0
"Mcavernosa21711",0
"Mcavernosa21794",0
"Mcavernosa21795",0
"Mcavernosa21804",0
"Mcavernosa21804",0
"Mcavernosa26317",0
"Mcavernosa26317",0
"Mcavernosa26325",0
"Mcavernosa26399",0
"Mcavernosa26470",0
"Mcavernosa26470",0
"Mcavernosa26472",0
"Mcavernosa26472",0
"Mcavernosa26486",0
"Mcavernosa26486",0
"Mcavernosa26486",0
"Mcavernosa26492",0
"Mcavernosa26585",0
"Mcavernosa26646",0
"Mcavernosa26646",0
"Mcavernosa26654",0
"Mcavernosa26739",0
"Mcavernosa26739",0
"Mcavernosa26750",0
"Mcavernosa26770",0
"Mcavernosa26770",0
"Mcavernosa26776",0
"Mcavernosa26793",0
"Mcavernosa26807",1
"Mcavernosa26807",0
"Mcavernosa26819",0
"Mcavernosa26841",0
"Mcavernosa26841",0
"Mcavernosa26868",0
"Mcavernosa26881",0
"Mcavernosa26900",0
"Mcavernosa26962",0
"Mcavernosa26998",0
"Mcavernosa26998",0
"Mcavernosa27004",1
"Mcavernosa27006",0
"Mcavernosa27006",0
"Mcavernosa27006",0
"Mcavernosa27006",0
"Mcavernosa20075",0
"Mcavernosa20093",0
"Mcavernosa20115",0
"Mcavernosa20116",0
"Mcavernosa20154",0
"Mcavernosa20154",0
"Mcavernosa20224",0
"Mcavernosa20230",0
"Mcavernosa20230",0
"Mcavernosa20230",0
"Mcavernosa20230",0
"Mcavernosa20263",0
"Mcavernosa20271",0
"Mcavernosa20270",0
"Mcavernosa20271",0
"Mcavernosa20270",0
"Mcavernosa20270",0
"Mcavernosa20314",0
"Mcavernosa20338",0
"Mcavernosa20339",0
"Mcavernosa20339",0
"Mcavernosa20339",0
"Mcavernosa20343",1
"Mcavernosa20343",1
"Mcavernosa20347",0
"Mcavernosa20351",0
"Mcavernosa20360",0
"Mcavernosa20360",0
"Mcavernosa20390",0
"Mcavernosa20402",0
"Mcavernosa20402",0
"Mcavernosa20467",0
"Mcavernosa20482",0
"Mcavernosa20482",0
"Mcavernosa20547",0
"Mcavernosa20551",0
"Mcavernosa20550",0
"Mcavernosa20551",0
"Mcavernosa20550",0
"Mcavernosa20574",0
"Mcavernosa20579",0
"Mcavernosa20585",0
"Mcavernosa20584",0
"Mcavernosa20585",0
"Mcavernosa20584",0
"Mcavernosa20585",0
"Mcavernosa20586",0
"Mcavernosa20628",0
"Mcavernosa20652",0
"Mcavernosa20656",0
"Mcavernosa20657",0
"Mcavernosa20657",0
"Mcavernosa20681",0
"Mcavernosa20682",0
"Mcavernosa20682",0
"Mcavernosa20682",0
"Mcavernosa20682",0
"Mcavernosa20690",0
"Mcavernosa20713",0
"Mcavernosa20727",0
"Mcavernosa20730",0
"Mcavernosa20730",0
"Mcavernosa20731",0
"Mcavernosa20735",0
"Mcavernosa20745",0
"Mcavernosa20746",0
"Mcavernosa20746",0
"Mcavernosa20746",0
"Mcavernosa20746",0
"Mcavernosa20757",0
"Mcavernosa20757",0
"Mcavernosa20764",0
"Mcavernosa20764",0
"Mcavernosa20766",0
"Mcavernosa20766",0
"Mcavernosa20766",0
"Mcavernosa20771",0
"Mcavernosa20772",0
"Mcavernosa20771",0
"Mcavernosa20776",0
"Mcavernosa20777",0
"Mcavernosa20776",0
"Mcavernosa20777",0
"Mcavernosa20776",0
"Mcavernosa20870",0
"Mcavernosa20870",0
"Mcavernosa20870",0
"Mcavernosa20894",0
"Mcavernosa20894",0
"Mcavernosa20894",0
"Mcavernosa20895",0
"Mcavernosa20940",0
"Mcavernosa20940",0
"Mcavernosa20947",0
"Mcavernosa20949",0
"Mcavernosa20949",0
"Mcavernosa20958",0
"Mcavernosa20958",0
"Mcavernosa20961",0
"Mcavernosa20961",0
"Mcavernosa20975",0
"Mcavernosa20976",0
"Mcavernosa17346",0
"Mcavernosa17349",0
"Mcavernosa17349",0
"Mcavernosa17382",0
"Mcavernosa17402",0
"Mcavernosa17416",0
"Mcavernosa17416",0
"Mcavernosa17416",0
"Mcavernosa17416",0
"Mcavernosa17416",0
"Mcavernosa17445",0
"Mcavernosa17445",0
"Mcavernosa17449",0
"Mcavernosa17449",0
"Mcavernosa17600",0
"Mcavernosa17599",0
"Mcavernosa17600",0
"Mcavernosa17624",0
"Mcavernosa17631",0
"Mcavernosa17632",0
"Mcavernosa17652",0
"Mcavernosa17653",0
"Mcavernosa17654",0
"Mcavernosa17682",0
"Mcavernosa17683",0
"Mcavernosa17690",0
"Mcavernosa17690",0
"Mcavernosa17690",0
"Mcavernosa17698",0
"Mcavernosa17803",0
"Mcavernosa17808",0
"Mcavernosa17810",0
"Mcavernosa17811",0
"Mcavernosa17830",0
"Mcavernosa17868",0
"Mcavernosa17868",0
"Mcavernosa17868",0
"Mcavernosa17868",0
"Mcavernosa17870",0
"Mcavernosa17909",0
"Mcavernosa17914",0
"Mcavernosa17916",0
"Mcavernosa17916",0
"Mcavernosa17916",0
"Mcavernosa17916",0
"Mcavernosa17932",0
"Mcavernosa17932",0
"Mcavernosa17980",1
"Mcavernosa17982",0
"Mcavernosa17998",0
"Mcavernosa17998",0
"Mcavernosa18002",0
"Mcavernosa18002",0
"Mcavernosa18002",0
"Mcavernosa18008",0
"Mcavernosa18031",0
"Mcavernosa18033",0
"Mcavernosa18111",1
"Mcavernosa18140",0
"Mcavernosa18140",0
"Mcavernosa18143",1
"Mcavernosa18163",0
"Mcavernosa18163",0
"Mcavernosa18165",0
"Mcavernosa22808",0
"Mcavernosa22871",0
"Mcavernosa22872",0
"Mcavernosa22873",0
"Mcavernosa22872",0
"Mcavernosa22873",0
"Mcavernosa22872",0
"Mcavernosa22873",0
"Mcavernosa22882",0
"Mcavernosa22890",1
"Mcavernosa22897",0
"Mcavernosa22904",0
"Mcavernosa22905",0
"Mcavernosa22905",0
"Mcavernosa22905",0
"Mcavernosa22905",0
"Mcavernosa22910",0
"Mcavernosa22908",0
"Mcavernosa22910",0
"Mcavernosa22908",0
"Mcavernosa22952",0
"Mcavernosa23056",0
"Mcavernosa23056",0
"Mcavernosa23072",0
"Mcavernosa23076",0
"Mcavernosa23075",0
"Mcavernosa23156",0
"Mcavernosa23155",0
"Mcavernosa23172",0
"Mcavernosa23172",0
"Mcavernosa23178",0
"Mcavernosa23181",0
"Mcavernosa23181",0
"Mcavernosa23205",0
"Mcavernosa23242",0
"Mcavernosa23269",0
"Mcavernosa23272",0
"Mcavernosa23353",0
"Mcavernosa23359",0
"Mcavernosa23358",0
"Mcavernosa23542",0
"Mcavernosa23554",0
"Mcavernosa23569",0
"Mcavernosa23569",0
"Mcavernosa23569",0
"Mcavernosa23569",1
"Mcavernosa23569",0
"Mcavernosa23606",0
"Mcavernosa29440",0
"Mcavernosa29440",0
"Mcavernosa29440",0
"Mcavernosa29479",0
"Mcavernosa29513",0
"Mcavernosa29513",0
"Mcavernosa29544",0
"Mcavernosa29544",0
"Mcavernosa29566",0
"Mcavernosa29629",0
"Mcavernosa29632",0
"Mcavernosa29629",0
"Mcavernosa29633",0
"Mcavernosa29636",0
"Mcavernosa29649",0
"Mcavernosa29648",0
"Mcavernosa29649",0
"Mcavernosa29648",0
"Mcavernosa29652",0
"Mcavernosa29652",0
"Mcavernosa29653",0
"Mcavernosa29653",0
"Mcavernosa29671",0
"Mcavernosa29751",0
"Mcavernosa29787",0
"Mcavernosa29852",0
"Mcavernosa29851",0
"Mcavernosa29852",0
"Mcavernosa29851",0
"Mcavernosa29852",0
"Mcavernosa29857",1
"Mcavernosa29856",1
"Mcavernosa29857",0
"Mcavernosa29856",0
"Mcavernosa29857",1
"Mcavernosa29856",1
"Mcavernosa29857",0
"Mcavernosa29856",0
"Mcavernosa29908",0
"Mcavernosa29940",0
"Mcavernosa29950",0
"Mcavernosa29973",0
"Mcavernosa29991",0
"Mcavernosa30033",0
"Mcavernosa30040",0
"Mcavernosa30045",0
"Mcavernosa30047",0
"Mcavernosa30047",0
"Mcavernosa30047",0
"Mcavernosa30057",0
"Mcavernosa30057",0
"Mcavernosa30100",0
"Mcavernosa30100",0
"Mcavernosa30101",0
"Mcavernosa30100",0
"Mcavernosa30101",0
"Mcavernosa30100",0
"Mcavernosa30101",0
"Mcavernosa30101",0
"Mcavernosa30154",0
"Mcavernosa30154",0
"Mcavernosa25403",0
"Mcavernosa25402",0
"Mcavernosa25404",0
"Mcavernosa25467",0
"Mcavernosa25467",0
"Mcavernosa25472",0
"Mcavernosa25472",0
"Mcavernosa25490",0
"Mcavernosa25494",1
"Mcavernosa25494",0
"Mcavernosa25607",0
"Mcavernosa25607",0
"Mcavernosa25609",1
"Mcavernosa25635",0
"Mcavernosa25635",0
"Mcavernosa25654",0
"Mcavernosa25654",0
"Mcavernosa25686",0
"Mcavernosa25774",0
"Mcavernosa25774",0
"Mcavernosa25820",0
"Mcavernosa25840",0
"Mcavernosa25845",0
"Mcavernosa25971",0
"Mcavernosa25971",0
"Mcavernosa25971",0
"Mcavernosa25971",0
"Mcavernosa25971",0
"Mcavernosa25974",0
"Mcavernosa25973",0
"Mcavernosa25974",0
"Mcavernosa26063",0
"Mcavernosa26065",0
"Mcavernosa26069",0
"Mcavernosa26069",0
"Mcavernosa26169",0
"Mcavernosa26175",0
"Mcavernosa26201",0
"Mcavernosa26201",0
"Mcavernosa26201",0
"Mcavernosa26202",0
"Mcavernosa23625",1
"Mcavernosa23624",1
"Mcavernosa23625",0
"Mcavernosa23629",0
"Mcavernosa23629",0
"Mcavernosa23629",0
"Mcavernosa23644",0
"Mcavernosa23675",0
"Mcavernosa23719",0
"Mcavernosa23723",0
"Mcavernosa23832",0
"Mcavernosa23831",0
"Mcavernosa23832",0
"Mcavernosa23872",0
"Mcavernosa23872",0
"Mcavernosa23885",0
"Mcavernosa23886",0
"Mcavernosa23885",0
"Mcavernosa23886",0
"Mcavernosa23886",1
"Mcavernosa23886",0
"Mcavernosa23899",0
"Mcavernosa23898",0
"Mcavernosa23948",0
"Mcavernosa23949",0
"Mcavernosa23954",0
"Mcavernosa23953",0
"Mcavernosa23961",0
"Mcavernosa23964",0
"Mcavernosa23966",0
"Mcavernosa24002",0
"Mcavernosa24001",0
"Mcavernosa24002",0
"Mcavernosa24001",0
"Mcavernosa24064",0
"Mcavernosa24154",0
"Mcavernosa24157",0
"Mcavernosa24160",0
"Mcavernosa24160",0
"Mcavernosa24175",0
"Mcavernosa24210",0
"Mcavernosa24213",0
"Mcavernosa27268",0
"Mcavernosa27284",0
"Mcavernosa27343",0
"Mcavernosa27343",0
"Mcavernosa27383",0
"Mcavernosa27383",0
"Mcavernosa27383",0
"Mcavernosa27383",0
"Mcavernosa27556",0
"Mcavernosa27616",0
"Mcavernosa27741",0
"Mcavernosa27768",0
"Mcavernosa30160",0
"Mcavernosa30209",0
"Mcavernosa30209",0
"Mcavernosa30321",0
"Mcavernosa30321",0
"Mcavernosa30321",0
"Mcavernosa30321",0
"Mcavernosa30607",0
"Mcavernosa30677",0
"Mcavernosa34643",0
"Mcavernosa34643",0
"Mcavernosa34737",0
"Mcavernosa35036",1
"Mcavernosa35076",0
"Mcavernosa28963",0
"Mcavernosa28992",0
"Mcavernosa29012",0
"Mcavernosa29148",0
"Mcavernosa29189",0
"Mcavernosa29189",0
"Mcavernosa29286",0
"Mcavernosa33951",0
"Mcavernosa34148",0
"Mcavernosa34273",0
"Mcavernosa34273",0
"Mcavernosa34360",0
"Mcavernosa34370",0
"Mcavernosa34431",0
"Mcavernosa33347",0
"Mcavernosa33680",0
"Mcavernosa33024",0
"Mcavernosa33183",0
"Mcavernosa01154",0
"Mcavernosa01157",0
"Mcavernosa01164",0
"Mcavernosa01170",0
"Mcavernosa01184",0
"Mcavernosa01184",0
"Mcavernosa01188",0
"Mcavernosa01215",0
"Mcavernosa01568",0
"Mcavernosa01574",0
"Mcavernosa01574",0
"Mcavernosa01579",1
"Mcavernosa01581",0
"Mcavernosa01614",0
"Mcavernosa01626",0
"Mcavernosa01630",0
"Mcavernosa01630",0
"Mcavernosa01647",0
"Mcavernosa01663",0
"Mcavernosa01663",0
"Mcavernosa01663",0
"Mcavernosa07527",0
"Mcavernosa07543",0
"Mcavernosa07590",0
"Mcavernosa07590",0
"Mcavernosa07596",0
"Mcavernosa07596",0
"Mcavernosa16602",0
"Mcavernosa16604",0
"Mcavernosa16608",0
"Mcavernosa16612",0
"Mcavernosa16612",0
"Mcavernosa16612",0
"Mcavernosa12638",0
"Mcavernosa12659",0
"Mcavernosa12659",0
"Mcavernosa12659",1
"Mcavernosa12669",0
"Mcavernosa12743",0
"Mcavernosa12758",0
"Mcavernosa12758",0
"Mcavernosa12760",0
"Mcavernosa12759",0
"Mcavernosa12760",0
"Mcavernosa12759",0
"Mcavernosa12760",0
"Mcavernosa12763",0
"Mcavernosa12766",0
"Mcavernosa12766",0
"Mcavernosa12766",0
"Mcavernosa13936",0
"Mcavernosa13936",0
"Mcavernosa13937",0
"Mcavernosa13938",0
"Mcavernosa13937",0
"Mcavernosa13938",0
"Mcavernosa13937",0
"Mcavernosa13938",0
"Mcavernosa13937",0
"Mcavernosa13938",0
"Mcavernosa13953",0
"Mcavernosa13965",0
"Mcavernosa13978",0
"Mcavernosa28386",0
"Mcavernosa28392",0
"Mcavernosa28395",0
"Mcavernosa28750",0
"Mcavernosa28750",0
"Mcavernosa28752",0
"Mcavernosa28752",0
"Mcavernosa28752",0
"Mcavernosa28752",0
"Mcavernosa28825",0
"Mcavernosa28825",0
"Mcavernosa28832",0
"Mcavernosa28832",0
"Mcavernosa28834",0
"Mcavernosa28854",0
"Mcavernosa28855",0
"Mcavernosa11434",0
"Mcavernosa11432",0
"Mcavernosa11436",0
"Mcavernosa11435",0
"Mcavernosa11447",0
"Mcavernosa11453",0
"Mcavernosa11453",0
"Mcavernosa11475",0
"Mcavernosa11474",0
"Mcavernosa18374",0
"Mcavernosa18374",0
"Mcavernosa18410",0
"Mcavernosa18421",0
"Mcavernosa19029",0
"Mcavernosa19029",0
"Mcavernosa19029",0
"Mcavernosa19038",0
"Mcavernosa19038",0
"Mcavernosa19038",0
"Mcavernosa22582",0
"Mcavernosa22582",0
"Mcavernosa22585",0
"Mcavernosa22589",0
"Mcavernosa22749",0
"Mcavernosa22749",0
"Mcavernosa22749",0
"Mcavernosa22752",0
"Mcavernosa15578",0
"Mcavernosa15578",0
"Mcavernosa15579",0
"Mcavernosa15640",0
"Mcavernosa15645",0
"Mcavernosa16115",0
"Mcavernosa16117",0
"Mcavernosa10485",0
"Mcavernosa10489",0
"Mcavernosa10489",0
"Mcavernosa10489",0
"Mcavernosa10491",0
"Mcavernosa21216",0
"Mcavernosa21561",0
"Mcavernosa21570",0
"Mcavernosa26265",0
"Mcavernosa26264",0
"Mcavernosa26266",0
"Mcavernosa26358",0
"Mcavernosa26358",0
"Mcavernosa26368",0
"Mcavernosa26503",0
"Mcavernosa26507",0
"Mcavernosa26512",0
"Mcavernosa26512",0
"Mcavernosa26562",0
"Mcavernosa26565",1
"Mcavernosa26849",0
"Mcavernosa26856",0
"Mcavernosa20422",0
"Mcavernosa20559",0
"Mcavernosa20916",0
"Mcavernosa20916",0
"Mcavernosa17550",0
"Mcavernosa17550",0
"Mcavernosa17550",0
"Mcavernosa17551",0
"Mcavernosa17550",0
"Mcavernosa17551",0
"Mcavernosa17551",0
"Mcavernosa17551",0
"Mcavernosa17551",0
"Mcavernosa17551",0
"Mcavernosa17551",0
"Mcavernosa17556",0
"Mcavernosa17556",0
"Mcavernosa17557",0
"Mcavernosa17557",0
"Mcavernosa17670",0
"Mcavernosa17671",0
"Mcavernosa17670",0
"Mcavernosa17671",0
"Mcavernosa17956",0
"Mcavernosa17956",0
"Mcavernosa17957",1
"Mcavernosa17957",0
"Mcavernosa17958",0
"Mcavernosa17958",0
"Mcavernosa17959",0
"Mcavernosa17959",0
"Mcavernosa22924",0
"Mcavernosa22924",0
"Mcavernosa23126",0
"Mcavernosa23257",0
"Mcavernosa23257",0
"Mcavernosa23262",0
"Mcavernosa23262",0
"Mcavernosa29623",0
"Mcavernosa29733",0
"Mcavernosa29759",0
"Mcavernosa29762",0
"Mcavernosa29764",0
"Mcavernosa29843",0
"Mcavernosa29843",0
"Mcavernosa25448",0
"Mcavernosa25488",0
"Mcavernosa25615",0
"Mcavernosa25715",0
"Mcavernosa25715",0
"Mcavernosa25715",0
"Mcavernosa25715",0
"Mcavernosa25960",0
"Mcavernosa25961",0
"Mcavernosa26159",0
"Mcavernosa23647",0
"Mcavernosa23647",0
"Mcavernosa23823",0
"Mcavernosa23904",0
"Mcavernosa23904",0
"Mcavernosa23976",0
"Mcavernosa24246",1
"Mcavernosa24246",0
"Mcavernosa24246",0
"Mcavernosa24246",0
"Mcavernosa24322",0
"Mcavernosa24323",0
"Mcavernosa24325",0
"Mcavernosa27477",0
"Mcavernosa27477",0
"Mcavernosa27477",0
"Mcavernosa27477",0
"Mcavernosa27568",0
"Mcavernosa27570",0
"Mcavernosa27570",0
"Mcavernosa27570",0
"Mcavernosa27570",0
"Mcavernosa27570",0
"Mcavernosa27570",0
"Mcavernosa27581",0
"Mcavernosa27581",0
"Mcavernosa27581",0
"Mcavernosa27581",0
"Mcavernosa27610",0
"Mcavernosa30447",0
"Mcavernosa30580",0
"Mcavernosa30580",0
"Mcavernosa34528",0
"Mcavernosa34528",0
"Mcavernosa34588",0
"Mcavernosa34842",0
"Mcavernosa35013",0
"Mcavernosa29071",0
"Mcavernosa29071",0
"Mcavernosa29071",0
"Mcavernosa29088",1
"Mcavernosa29135",0
"Mcavernosa33976",0
"Mcavernosa33976",0
"Mcavernosa33322",0
"Mcavernosa33639",0
"Mcavernosa33742",0
"Mcavernosa33742",0
"Mcavernosa33742",0
"Mcavernosa32628",0
"Mcavernosa32718",0
"Mcavernosa32764",0
"Mcavernosa32764",0
"Mcavernosa33017",0
"Mcavernosa33079",0
"Mcavernosa33079",0
"Mcavernosa02691",0
"Mcavernosa02694",0
"Mcavernosa02700",0
"Mcavernosa02727",0
"Mcavernosa02728",0
"Mcavernosa31064",0
"Mcavernosa31094",0
"Mcavernosa04815",0
"Mcavernosa09116",0
"Mcavernosa09116",0
"Mcavernosa14500",0
"Mcavernosa14500",0
"Mcavernosa14500",0
"Mcavernosa14527",0
"Mcavernosa14528",1
"Mcavernosa11798",0
"Mcavernosa11799",0
"Mcavernosa11798",0
"Mcavernosa12026",0
"Mcavernosa12029",0
"Mcavernosa12035",0
"Mcavernosa12042",0
"Mcavernosa12042",0
"Mcavernosa12042",0
"Mcavernosa32335",0
"Mcavernosa32346",0
"Mcavernosa18675",0
"Mcavernosa18695",0
"Mcavernosa19458",0
"Mcavernosa19462",0
"Mcavernosa19650",0
"Mcavernosa19651",0
"Mcavernosa19650",0
"Mcavernosa19651",0
"Mcavernosa19650",0
"Mcavernosa19664",0
"Mcavernosa19673",0
"Mcavernosa22555",0
"Mcavernosa22558",0
"Mcavernosa22557",0
"Mcavernosa22558",0
"Mcavernosa22557",0
"Mcavernosa22558",1
"Mcavernosa22558",0
"Mcavernosa10846",0
"Mcavernosa11044",1
"Mcavernosa11045",1
"Mcavernosa11044",0
"Mcavernosa11045",0
"Mcavernosa11049",0
"Mcavernosa11049",0
"Mcavernosa11050",1
"Mcavernosa10072",0
"Mcavernosa10072",0
"Mcavernosa21436",0
"Mcavernosa21434",0
"Mcavernosa21663",0
"Mcavernosa21663",0
"Mcavernosa21684",0
"Mcavernosa21684",0
"Mcavernosa21806",0
"Mcavernosa21829",0
"Mcavernosa26678",0
"Mcavernosa20451",0
"Mcavernosa20511",0
"Mcavernosa17364",0
"Mcavernosa17364",0
"Mcavernosa17364",0
"Mcavernosa17503",0
"Mcavernosa17505",0
"Mcavernosa17508",1
"Mcavernosa17590",0
"Mcavernosa17591",0
"Mcavernosa17590",0
"Mcavernosa17591",0
"Mcavernosa17590",0
"Mcavernosa17591",0
"Mcavernosa17590",0
"Mcavernosa17591",0
"Mcavernosa17590",0
"Mcavernosa17591",0
"Mcavernosa17590",0
"Mcavernosa17591",0
"Mcavernosa17594",0
"Mcavernosa17940",0
"Mcavernosa17940",0
"Mcavernosa17953",0
"Mcavernosa18067",0
"Mcavernosa18073",0
"Mcavernosa23118",0
"Mcavernosa23118",0
"Mcavernosa29539",0
"Mcavernosa29539",0
"Mcavernosa29683",0
"Mcavernosa29689",1
"Mcavernosa29923",0
"Mcavernosa30002",0
"Mcavernosa25674",0
"Mcavernosa25675",0
"Mcavernosa25708",0
"Mcavernosa25725",0
"Mcavernosa25810",0
"Mcavernosa26049",0
"Mcavernosa26058",0
"Mcavernosa26059",0
"Mcavernosa26059",0
"Mcavernosa26072",0
"Mcavernosa26141",0
"Mcavernosa26141",0
"Mcavernosa26183",0
"Mcavernosa26183",0
"Mcavernosa26195",0
"Mcavernosa26196",0
"Mcavernosa26195",0
"Mcavernosa26227",0
"Mcavernosa26227",0
"Mcavernosa26227",0
"Mcavernosa26227",0
"Mcavernosa26227",0
"Mcavernosa23755",0
"Mcavernosa23766",0
"Mcavernosa23766",0
"Mcavernosa23768",0
"Mcavernosa23766",0
"Mcavernosa23768",0
"Mcavernosa23766",0
"Mcavernosa23921",0
"Mcavernosa24038",1
"Mcavernosa24038",1
"Mcavernosa24099",0
"Mcavernosa24104",0
"Mcavernosa24119",1
"Mcavernosa24119",0
"Mcavernosa24254",1
"Mcavernosa27431",0
"Mcavernosa27434",0
"Mcavernosa27432",0
"Mcavernosa27436",0
"Mcavernosa27697",0
"Mcavernosa27707",0
"Mcavernosa30248",0
"Mcavernosa30333",0
"Mcavernosa30333",0
"Mcavernosa30333",0
"Mcavernosa30350",0
"Mcavernosa30422",0
"Mcavernosa30494",0
"Mcavernosa30557",0
"Mcavernosa30557",0
"Mcavernosa30557",0
"Mcavernosa30557",0
"Mcavernosa34480",0
"Mcavernosa34548",0
"Mcavernosa34625",0
"Mcavernosa35006",0
"Mcavernosa28981",1
"Mcavernosa28981",0
"Mcavernosa28998",0
"Mcavernosa28998",0
"Mcavernosa34114",0
"Mcavernosa33577",0
"Mcavernosa33577",0
"Mcavernosa33577",0
"Mcavernosa33669",1
"Mcavernosa33816",0
"Mcavernosa35118",0
"Mcavernosa35118",0
"Mcavernosa35122",0
"Mcavernosa35152",0
"Mcavernosa35153",0
"Mcavernosa35164",0
"Mcavernosa35164",0
"Mcavernosa35228",0
"Mcavernosa35228",0
