oldFileName,Sample
100,100
101,101
102,102
103,103
104,104
105,105
106,106
107,107
108,108
109,109
10,010
110,110
111,111
112,112
113,113
114,114
115,115
116,116
117,117
118,118
119,119
120,120
121,121
122,122
123,123
124,124
125,125
126,126
127,127
128,128
129,129
12,012
130,130
131,131
132,132
133,133
134,134
135,135
136,136
137,137
138,138
139,139
13,013
140,140
141,141
142,142
143,143
144,144
145,145
146,146
147,147
148,148
149,149
14,014
150,150
151,151
152,152
153,153
154,154
155,155
156,156
157,157
158,158
159-1,159-1
159-2,159-2
159-3,159-3
15,015
160,160
161,161
162,162
163,163
164,164
165,165
166,166
167,167
168,168
169,169
16,016
170,170
171-1,171-1
171-2,171-2
171-3,171-3
172,172
173,173
174,174
175,175
176,176
177,177
178,178
179,179
17,017
180,180
181,181
182,182
183,183
184,184
185,185
186,186
187,187
188,188
189,189
18,018
190,190
191,191
192,192
193,193
194,194
195,195
196,196
198,198
199,199
19,019
200,200
201,201
202,202
205,205
208,208
209,209
20,020
211,211
212,212
214,214
216,216
217,217
218,218
219,219
21,021
220,220
221,221
222,222
223,223
224,224
225,225
226,226
227,227
228,228
229,229
22,022
230,230
231,231
232,232
233,233
234,234
235,235
236,236
237,237
23,023
24,024
26,026
27,027
28,028
29,029
2,002
30,030
31,031
32,032
33,033
34,034
36,036
37,037
38,038
39,039
40,040
41,041
42,042
44,044
45,045
46,046
47,047
48,048
49,049
4,004
50,050
52,052
53,053
54,054
55,055
56,056
5,005
60,060
61,061
62,062
63,063
64,064
65,065
66,066
67,067
68,068
69,069
6,006
70,070
71,071
72,072
73,073
74,074
75,075
76,076
77,077
78,078
79,079
7,007
80,080
82,082
84,084
85,085
86,086
87,087
88,088
89,089
8,008
90,090
9-1,009-1
91,091
9-2,009-2
92,092
9-3,009-3
93,093
94,094
95,095
96,096
97,097
98,098
99,099